Pegelname,,Pegelnummer,km,,PNP,Datum,,Uhrzeit,,Wasserstand,Wasserstand + PNP,,,
,,,,,,,,,,relativ zum PNP,absolut über Null,,,
 ALLER,,,,,,,,,,,,,,
EITZE,,48900237,"9,56",,"8,00 m. ü. NN",23.11.2024,,5:00,,403 cm,"12,03 m. ü. NN",,,
RETHEM,,48900204,"34,22",,"14,31 m. ü. NN",23.11.2024,,5:00,,281 cm,"17,12 m. ü. NN",,,
AHLDEN,,48900102,"57,92",,,23.11.2024,,5:00,,235 cm,,,,
MARKLENDORF,,48700103,"75,91",,"23,01 m. ü. NN",23.11.2024,,5:00,,190 cm,"24,91 m. ü. NN",,,
CELLE,,48300105,"111,55",,"31,82 m. ü. NN",23.11.2024,,5:00,,233 cm,"34,15 m. ü. NN",,,
 BERLIN-SPANDAUER-SCHIFFFAHRTSKANAL,,,,,,,,,,,,,,
BERLIN-PLÖTZENSEE OP,,586640,"7,40",,"28,00 m. ü. NHN",23.11.2024,,5:00,,349 cm,"31,49 m. ü. NHN",,,
BERLIN-PLÖTZENSEE UP,,586650,"7,50",,"28,00 m. ü. NHN",23.11.2024,,5:00,,Picture,"30,71 m. ü. NHN",,,
,,,,,,,,,,271 cm,,,,
 BODENSEE,,,,,,,,,,,,,,
KONSTANZ,,906,"0,00",,"391,89 m. ü. NHN",23.11.2024,,5:00,,323 cm,"395,12 m. ü. NHN",,,
 DAHME-WASSERSTRASSE,,,,,,,,,,,,,,
BERLIN-SCHMÖCKWITZ,,586810,"0,30",,"31,96 m. ü. NHN",23.11.2024,,5:00,,42 cm,"32,38 m. ü. NHN",,,
NEUE MÜHLE SCHLEUSE UP,,586280,"9,40",,"31,11 m. ü. NHN",23.11.2024,,5:00,,124 cm,"32,36 m. ü. NHN",,,
NEUE MÜHLE SCHLEUSE OP,,586270,"9,56",,"31,11 m. ü. NHN",23.11.2024,,5:00,,261 cm,"33,72 m. ü. NHN",,,
 DATTELN-HAMM-KANAL,,,,,,,,,,,,,,
WALTROP,,27800090,"2,14",,,23.11.2024,,4:02,,,"56,54 m+NN",,,
HAMM UW,,27800080,"36,59",,,23.11.2024,,4:02,,,"56,57 m+NN",,,
HAMM OW,,27800060,"38,72",,,23.11.2024,,4:45,,,"58,19 m+NN",,,
WERRIES OW,,27800050,"40,61",,,23.11.2024,,4:45,,,"63,33 m+NN",,,
 DIEMEL,,,,,,,,,,,,,,
HELMINGHAUSEN,,44100206,"90,00",,"336,97 m. ü. NN",23.11.2024,,5:00,,69 cm,"337,66 m. ü. NN",,,
DIEMELTALSPERRE,,44100104,"90,60",,"0,04 m. ü. NN",22.11.2024,,5:45,,,"367,43 m+PNP",,,
WILHELMSBRÜCKE,,44100024,"97,40",,"376,98 m. ü. NN",23.11.2024,,5:00,,25 cm,"377,23 m. ü. NN",,,
 DONAU,,,,,,,,,,,,,,
ERLAU,,10096001,"2 214,50",,"282,65 m. ü. NHN",23.11.2024,,5:00,,Picture,"290,02 m. ü. NHN",,,
,,,,,,,,,,737 cm,,,,
ACHLEITEN,,10094006,"2 223,10",,"287,70 m. ü. NN",23.11.2024,,4:45,,276 cm,"290,46 m. ü. NN",,,
PASSAU ILZSTADT,,10092000,"2 225,20",,"286,21 m. ü. NHN",23.11.2024,,5:00,,457 cm,"290,78 m. ü. NHN",,,
PASSAU DONAU,,10091008,"2 226,70",,"286,44 m. ü. NHN",23.11.2024,,5:00,,454 cm,"290,98 m. ü. NHN",,,
KACHLET SCHLEUSE UP,,10090708,"2 230,30",,"289,98 m. ü. NHN",23.11.2024,,5:00,,148 cm,"291,46 m. ü. NHN",,,
KACHLET WEHR UP,,10090408,"2 230,72",,"289,98 m. ü. NHN",23.11.2024,,4:58,,186 cm,"291,84 m. ü. NHN",,,
VILSHOFEN,,10089006,"2 249,50",,"297,04 m. ü. NHN",23.11.2024,,5:00,,344 cm,"300,48 m. ü. NHN",,,
HOFKIRCHEN,,10088003,"2 256,90",,"299,58 m. ü. NHN",23.11.2024,,5:00,,292 cm,"302,50 m. ü. NHN",,,
DEGGENDORF,,10081004,"2 284,40",,"306,97 m. ü. NHN",23.11.2024,,5:00,,295 cm,"309,92 m. ü. NHN",,,
PFELLING,,10078000,"2 305,50",,"308,12 m. ü. NHN",23.11.2024,,5:00,,391 cm,"312,03 m. ü. NHN",,,
PFATTER,,10068006,"2 350,70",,"316,98 m. ü. NHN",23.11.2024,,5:00,,343 cm,"320,41 m. ü. NHN",,,
SCHWABELWEIS,,10062000,"2 376,50",,"324,45 m. ü. NHN",23.11.2024,,5:00,,312 cm,"327,57 m. ü. NHN",,,
REGENSBURG EISERNE BRÜCKE,,10061007,"2 379,30",,"325,46 m. ü. NHN",23.11.2024,,5:00,,236 cm,"327,82 m. ü. NHN",,,
OBERNDORF,,10056302,"2 397,40",,"331,11 m. ü. NHN",23.11.2024,,5:00,,210 cm,"333,21 m. ü. NHN",,,
KELHEIMWINZER,,10054500,"2 409,70",,"335,66 m. ü. NHN",23.11.2024,,5:00,,288 cm,"338,54 m. ü. NHN",,,
INGOLSTADT LUITPOLDSTRASSE,,10046105,"2 458,30",,"360,35 m. ü. NN",23.11.2024,,5:00,,176 cm,"362,11 m. ü. NN",,,
 DORTMUND-EMS-KANAL,,,,,,,,,,,,,,
VERSEN TRENNSPITZE,,25463,"1,00",,,23.11.2024,,5:00,,235 cm,,,,
HENRICHENBURG OW,,27700111,"14,30",,,23.11.2024,,4:02,,,"70,06 m+NN",,,
HENRICHENBURG UW,,27700133,"15,90",,,23.11.2024,,4:02,,,"56,55 m+NN",,,
LÜDINGHAUSEN,,27800020,"39,32",,,23.11.2024,,4:02,,,"56,53 m+NN",,,
MÜNSTER OW,,27800040,"70,31",,,23.11.2024,,4:02,,,"56,56 m+NN",,,
MÜNSTER UW,,27800030,"72,49",,,23.11.2024,,4:02,,,"50,32 m+NN",,,
BERGESHÖVEDE,,34000010,"108,26",,,23.11.2024,,4:02,,,"50,32 m+NN",,,
HASEHUBBRÜCKE,,3690010,"166,42",,"9,52 m. ü. NHN",23.11.2024,,5:00,,119 cm,"10,71 m. ü. NHN",,,
HERBRUM HAFENDAMM,,3770030,"213,07",,,23.11.2024,,5:01,,764 cm,,,,
RHEDE,,3770040,"217,86",,,23.11.2024,,5:06,,752 cm,,,,
 EDER,,,,,,,,,,,,,,
AFFOLDERN,,42800502,"44,02",,"193,19 m. ü. NN",23.11.2024,,5:00,,138 cm,"194,56 m. ü. NN",,,
EDERTALSPERRE,,42800310,"49,20",,"0,08 m. ü. NN",23.11.2024,,5:00,,,"232,35 m+PNP",,,
SCHMITTLOTHEIM,,42800309,"74,50",,"245,87 m. ü. NN",23.11.2024,,5:00,,154 cm,"247,41 m. ü. NN",,,
 EIDER,,,,,,,,,,,,,,
LEXFÄHRE OBERWASSER,,9520020,"26,09",,"-5,00 m. ü. NHN",23.11.2024,,5:03,,469 cm,"-0,31 m. ü. NHN",,,
LEXFÄHRE UNTERWASSER,,9520030,"26,09",,"-5,00 m. ü. NHN",23.11.2024,,5:03,,507 cm,"0,07 m. ü. NHN",,,
NORDFELD OBERWASSER,,9520040,"78,19",,"-5,01 m. ü. NHN",23.11.2024,,5:03,,506 cm,"0,05 m. ü. NHN",,,
NORDFELD UNTERWASSER,,9520050,"78,31",,"-5,01 m. ü. NHN",23.11.2024,,5:03,,646 cm,"1,45 m. ü. NHN",,,
FRIEDRICHSTADT STRASSENBRÜCKE,,9520060,"83,14",,"-5,02 m. ü. NHN",23.11.2024,,5:03,,647 cm,"1,45 m. ü. NHN",,,
TÖNNING,,9520070,"99,80",,"-5,06 m. ü. NHN",23.11.2024,,5:03,,659 cm,"1,53 m. ü. NHN",,,
EIDER-SPERRWERK BP,,9520081,"110,10",,"-5,02 m. ü. NHN",23.11.2024,,5:03,,661 cm,"1,59 m. ü. NHN",,,
 ELBE,,,,,,,,,,,,,,
SCHÖNA,,501010,"2,05",,"116,20 m. ü. NHN",23.11.2024,,5:00,,173 cm,"117,93 m. ü. NHN",,,
PIRNA,,501040,"34,67",,"108,03 m. ü. NHN",23.11.2024,,5:00,,196 cm,"109,99 m. ü. NHN",,,
DRESDEN,,501060,"55,63",,"102,70 m. ü. NHN",23.11.2024,,5:00,,161 cm,"104,31 m. ü. NHN",,,
MEISSEN,,501080,"82,20",,"94,82 m. ü. NHN",23.11.2024,,5:00,,214 cm,"96,96 m. ü. NHN",,,
RIESA,,501110,"108,40",,"88,02 m. ü. NHN",23.11.2024,,5:00,,233 cm,"90,35 m. ü. NHN",,,
MÜHLBERG,,501160,"128,02",,"81,69 m. ü. NHN",23.11.2024,,5:00,,264 cm,"84,33 m. ü. NHN",,,
TORGAU,,501261,"154,15",,"75,16 m. ü. NHN",23.11.2024,,5:00,,163 cm,"76,79 m. ü. NHN",,,
PRETZSCH-MAUKEN,,501330,"184,45",,"68,79 m. ü. NHN",23.11.2024,,5:00,,144 cm,"70,23 m. ü. NHN",,,
ELSTER,,501390,"200,15",,"65,80 m. ü. NHN",23.11.2024,,5:00,,132 cm,"67,12 m. ü. NHN",,,
WITTENBERG,,501420,"214,14",,"62,45 m. ü. NHN",23.11.2024,,5:00,,184 cm,"64,29 m. ü. NHN",,,
COSWIG,,501470,"236,31",,"57,60 m. ü. NHN",23.11.2024,,5:00,,203 cm,"59,63 m. ü. NHN",,,
VOCKERODE,,501480,"245,62",,"55,95 m. ü. NHN",23.11.2024,,5:00,,165 cm,"57,60 m. ü. NHN",,,
ROSSLAU,,501490,"257,84",,"53,85 m. ü. NHN",23.11.2024,,5:00,,128 cm,"55,13 m. ü. NHN",,,
DESSAU,,502000,"261,16",,"52,96 m. ü. NHN",23.11.2024,,5:00,,160 cm,"54,56 m. ü. NHN",,,
AKEN,,502010,"274,75",,"50,22 m. ü. NHN",23.11.2024,,5:00,,145 cm,"51,67 m. ü. NHN",,,
BARBY,,502070,"294,82",,"46,12 m. ü. NHN",23.11.2024,,5:00,,160 cm,"47,73 m. ü. NHN",,,
SCHÖNEBECK,,502130,"311,76",,"42,71 m. ü. NHN",23.11.2024,,5:00,,191 cm,"44,62 m. ü. NHN",,,
MAGDEBURG-BUCKAU,,502170,"325,39",,"40,39 m. ü. NHN",23.11.2024,,5:00,,185 cm,"42,24 m. ü. NHN",,,
MAGDEBURG-STROMBRÜCKE,,502180,"326,67",,"39,90 m. ü. NHN",23.11.2024,,5:00,,143 cm,"41,33 m. ü. NHN",,,
ROTHENSEE,,502210,"333,12",,"37,20 m. ü. NHN",23.11.2024,,5:00,,209 cm,"39,29 m. ü. NHN",,,
NIEGRIPP AP,,502240,"343,60",,"34,41 m. ü. NHN",23.11.2024,,5:00,,320 cm,"37,61 m. ü. NHN",,,
ROGÄTZ,,502250,"350,64",,"35,22 m. ü. NHN",23.11.2024,,5:00,,128 cm,"36,50 m. ü. NHN",,,
TANGERMÜNDE,,502350,"388,26",,"27,56 m. ü. NHN",23.11.2024,,5:00,,233 cm,"29,89 m. ü. NHN",,,
STORKAU,,502370,"396,11",,"25,87 m. ü. NHN",23.11.2024,,4:45,,267 cm,"28,54 m. ü. NHN",,,
SANDAU,,502430,"416,06",,"22,45 m. ü. NHN",23.11.2024,,5:00,,269 cm,"25,14 m. ü. NHN",,,
SCHARLEUK,,503030,"447,22",,"17,57 m. ü. NHN",22.11.2024,,6:00,,219 cm,"19,76 m. ü. NHN",,,
WITTENBERGE,,503050,"453,98",,"16,71 m. ü. NHN",23.11.2024,,5:00,,206 cm,"18,77 m. ü. NHN",,,
MÜGGENDORF,,503070,"463,94",,"15,14 m. ü. NHN",23.11.2024,,5:00,,220 cm,"17,34 m. ü. NHN",,,
SCHNACKENBURG,,5910010,"474,56",,"13,69 m. ü. NHN",23.11.2024,,4:45,,213 cm,"15,82 m. ü. NHN",,,
LENZEN,,503120,"484,70",,"12,41 m. ü. NHN",23.11.2024,,5:00,,196 cm,"14,37 m. ü. NHN",,,
GORLEBEN,,5910020,"492,95",,"11,31 m. ü. NHN",23.11.2024,,5:00,,147 cm,"12,78 m. ü. NHN",,,
DÖMITZ,,5910025,"504,70",,"10,40 m. ü. NHN",23.11.2024,,5:03,,136 cm,"11,76 m. ü. NHN",,,
DAMNATZ,,5910030,"509,35",,"8,88 m. ü. NHN",23.11.2024,,5:03,,230 cm,"11,18 m. ü. NHN",,,
HITZACKER,,5920010,"522,64",,"7,37 m. ü. NHN",23.11.2024,,5:03,,196 cm,"9,33 m. ü. NHN",,,
NEU DARCHAU,,5930010,"536,38",,"5,66 m. ü. NHN",23.11.2024,,5:03,,200 cm,"7,66 m. ü. NHN",,,
BLECKEDE,,5930020,"549,63",,"-0,02 m. ü. NHN",23.11.2024,,5:03,,615 cm,"6,12 m. ü. NHN",,,
BOIZENBURG,,5930033,"558,53",,"3,77 m. ü. NHN",23.11.2024,,5:03,,135 cm,"5,12 m. ü. NHN",,,
HOHNSTORF,,5930040,"568,99",,"-0,03 m. ü. NHN",23.11.2024,,5:03,,448 cm,"4,44 m. ü. NHN",,,
ARTLENBURG,,5930050,"573,86",,"-0,03 m. ü. NHN",23.11.2024,,5:03,,429 cm,"4,26 m. ü. NHN",,,
GEESTHACHT,,5930060,"583,39",,"-0,02 m. ü. NHN",23.11.2024,,5:03,,407 cm,"4,04 m. ü. NHN",,,
WEHR GEESTHACHT UP,,5930062,"585,99",,"-5,02 m. ü. NHN",23.11.2024,,5:03,,512 cm,"0,10 m. ü. NHN",,,
ALTENGAMME,,5930070,"588,79",,"-5,02 m. ü. NHN",23.11.2024,,5:03,,494 cm,"-0,08 m. ü. NHN",,,
ZOLLENSPIEKER,,5930090,"598,16",,"-5,04 m. ü. NHN",23.11.2024,,5:03,,480 cm,"-0,24 m. ü. NHN",,,
BUNTHAUS,,5952020,"609,90",,"-5,02 m. ü. NHN",23.11.2024,,5:02,,535 cm,"0,33 m. ü. NHN",,,
HAMBURG-HARBURG,,5952025,"615,00",,"-5,02 m. ü. NHN",23.11.2024,,5:02,,561 cm,"0,60 m. ü. NHN",,,
SCHÖPFSTELLE,,5952030,"615,30",,"-5,02 m. ü. NHN",23.11.2024,,5:02,,553 cm,"0,51 m. ü. NHN",,,
HAMBURG ST. PAULI,,5952050,"623,10",,"-5,00 m. ü. NHN",23.11.2024,,5:02,,573 cm,"0,73 m. ü. NHN",,,
SEEMANNSHÖFT,,5952060,"628,90",,"-5,02 m. ü. NHN",23.11.2024,,5:02,,577 cm,"0,75 m. ü. NHN",,,
CRANZ,,5950070,"634,42",,"-5,05 m. ü. NHN",23.11.2024,,5:03,,589 cm,"0,84 m. ü. NHN",,,
BLANKENESE UF,,5952065,"635,00",,"-5,02 m. ü. NHN",23.11.2024,,5:02,,581 cm,"0,79 m. ü. NHN",,,
SCHULAU,,5950090,"641,00",,"-5,03 m. ü. NHN",23.11.2024,,5:03,,596 cm,"0,92 m. ü. NHN",,,
LÜHORT,,5960010,"645,50",,"-5,03 m. ü. NHN",23.11.2024,,5:03,,606 cm,"1,03 m. ü. NHN",,,
HETLINGEN,,5970010,"650,50",,"-5,04 m. ü. NHN",23.11.2024,,5:03,,612 cm,"1,08 m. ü. NHN",,,
STADERSAND,,5970013,"654,86",,"-5,05 m. ü. NHN",23.11.2024,,5:03,,614 cm,"1,10 m. ü. NHN",,,
PINNAU-SPERRWERK AP,,5970019,"658,44",,"-5,03 m. ü. NHN",23.11.2024,,5:03,,624 cm,"1,21 m. ü. NHN",,,
GRAUERORT REEDE,,5970026,"660,74",,"-5,04 m. ü. NHN",23.11.2024,,5:03,,623 cm,"1,20 m. ü. NHN",,,
KRÜCKAU-SPERRWERK AP,,5970024,"663,30",,"-5,03 m. ü. NHN",23.11.2024,,5:02,,629 cm,"1,26 m. ü. NHN",,,
KOLLMAR,,5970025,"666,90",,"-5,04 m. ü. NHN",23.11.2024,,5:03,,642 cm,"1,38 m. ü. NHN",,,
KRAUTSAND REEDE,,5970031,"671,79",,"-5,03 m. ü. NHN",23.11.2024,,5:03,,651 cm,"1,48 m. ü. NHN",,,
GLÜCKSTADT,,5970035,"674,00",,"-5,03 m. ü. NHN",23.11.2024,,5:03,,652 cm,"1,49 m. ü. NHN",,,
STÖR-SPERRWERK AP,,5970041,"678,64",,"-5,03 m. ü. NHN",23.11.2024,,5:03,,656 cm,"1,53 m. ü. NHN",,,
BROKDORF,,5970050,"684,20",,"-5,04 m. ü. NHN",23.11.2024,,5:03,,668 cm,"1,65 m. ü. NHN",,,
BRUNSBÜTTEL MPM,,5970094,"695,21",,"-5,00 m. ü. NHN",23.11.2024,,5:03,,678 cm,"1,78 m. ü. NHN",,,
OSTERIFF MPM,,5970096,"703,44",,"-5,02 m. ü. NHN",23.11.2024,,5:03,,684 cm,"1,82 m. ü. NHN",,,
OTTERNDORF MPM,,5990011,"714,02",,"-5,02 m. ü. NHN",23.11.2024,,5:03,,687 cm,"1,85 m. ü. NHN",,,
CUXHAVEN STEUBENHÖFT,,5990020,"724,00",,"-5,03 m. ü. NHN",23.11.2024,,5:03,,695 cm,"1,92 m. ü. NHN",,,
 ELBE-HAVEL-KANAL,,,,,,,,,,,,,,
DETERSHAGEN,,587505,"326,83",,"34,42 m. ü. NHN",23.11.2024,,5:00,,301 cm,"37,43 m. ü. NHN",,,
BURG,,587507,"332,54",,"34,41 m. ü. NHN",23.11.2024,,5:00,,301 cm,"37,42 m. ü. NHN",,,
ZERBEN OP,,587510,"344,69",,"34,41 m. ü. NHN",23.11.2024,,5:00,,301 cm,"37,42 m. ü. NHN",,,
ZERBEN UP,,587520,"346,16",,"29,21 m. ü. NHN",23.11.2024,,5:00,,305 cm,"32,26 m. ü. NHN",,,
GENTHIN,,587535,"361,44",,"29,21 m. ü. NHN",23.11.2024,,5:00,,303 cm,"32,24 m. ü. NHN",,,
KADE,,587541,"371,29",,"29,22 m. ü. NHN",23.11.2024,,5:00,,303 cm,"32,25 m. ü. NHN",,,
WUSTERWITZ OP,,587540,"376,56",,"29,22 m. ü. NHN",23.11.2024,,5:00,,303 cm,"32,25 m. ü. NHN",,,
WUSTERWITZ UP,,587550,"376,96",,"25,22 m. ü. NHN",23.11.2024,,5:00,,294 cm,"28,16 m. ü. NHN",,,
 ELBE-LÜBECK-KANAL,,,,,,,,,,,,,,
BÜSSAU UP,,9669040,"3,40",,"-5,02 m. ü. NHN",23.11.2024,,5:03,,504 cm,"0,02 m. ü. NHN",,,
DONNERSCHLEUSE OP,,9660049,"20,72",,"0,03 m. ü. NHN",23.11.2024,,5:03,,1165 cm,"11,68 m. ü. NHN",,,
MÖLLN,,9660050,"26,77",,"0,01 m. ü. NHN",23.11.2024,,5:03,,1167 cm,"11,68 m. ü. NHN",,,
 ELBESEITENKANAL,,,,,,,,,,,,,,
OSLOSS,,90100100,"9,72",,,23.11.2024,,4:00,,,"65,11 m+NN",,,
WITTINGEN,,90100101,"39,00",,,23.11.2024,,4:00,,,"65,19 m+NN",,,
UELZEN OW,,90100111,"60,38",,,23.11.2024,,4:00,,,"65,13 m+NN",,,
UELZEN UW,,90100110,"60,98",,,23.11.2024,,4:00,,,"42,02 m+NN",,,
BEVENSEN,,90100112,"79,72",,,23.11.2024,,4:00,,,"42,03 m+NN",,,
LÜNEBURG OW,,90100121,"104,00",,,23.11.2024,,4:00,,,"42,01 m+NN",,,
LÜNEBURG UW,,90100120,"106,30",,,23.11.2024,,4:00,,,"4,28 m+NN",,,
ARTLENBURG-ELK,,90100122,"114,74",,,23.11.2024,,4:00,,,"4,40 m+NN",,,
 EMS,,,,,,,,,,,,,,
HERBRUM OBERWASSER,,26358,,,,23.11.2024,,5:00,,272 cm,,,,
HERBRUM UNTERWASSER,,26775,,,,23.11.2024,,5:00,,762 cm,,,,
VERSEN WEHR OP,,3730001,,,"8,02 m. ü. NHN",23.11.2024,,5:00,,222 cm,"10,24 m. ü. NHN",,,
PAPENBURG,,3790010,"0,39",,"-5,06 m. ü. NHN",23.11.2024,,5:03,,745 cm,"2,39 m. ü. NHN",,,
WEENER,,3790020,"6,85",,"-5,06 m. ü. NHN",23.11.2024,,5:03,,740 cm,"2,35 m. ü. NHN",,,
LEERORT,,3910010,"14,79",,"-5,04 m. ü. NHN",23.11.2024,,5:03,,736 cm,"2,32 m. ü. NHN",,,
TERBORG,,3910020,"24,67",,"-5,05 m. ü. NHN",23.11.2024,,5:03,,724 cm,"2,19 m. ü. NHN",,,
POGUM,,3950020,"35,30",,"-5,05 m. ü. NHN",23.11.2024,,5:03,,710 cm,"2,05 m. ü. NHN",,,
EMDEN NEUE SEESCHLEUSE,,3970010,"40,45",,"-5,01 m. ü. NHN",23.11.2024,,5:03,,691 cm,"1,90 m. ü. NHN",,,
KNOCK,,3990010,"50,85",,"-5,11 m. ü. NHN",23.11.2024,,5:03,,685 cm,"1,74 m. ü. NHN",,,
DUKEGAT,,3990020,"65,69",,"-5,07 m. ü. NHN",23.11.2024,,5:03,,646 cm,"1,39 m. ü. NHN",,,
EMSHÖRN,,9340010,"74,32",,"-5,10 m. ü. NHN",23.11.2024,,5:03,,632 cm,"1,22 m. ü. NHN",,,
WACHENDORF,,3500031,"96,71",,"13,77 m. ü. NHN",23.11.2024,,5:00,,278 cm,"16,55 m. ü. NHN",,,
FUESTRUP,,3310010,"102,18",,"35,69 m. ü. NN",23.11.2024,,5:00,,346 cm,"39,15 m. ü. NN",,,
RHEINE UNTERSCHLEUSE,,3390020,"153,03",,"24,19 m. ü. NHN",23.11.2024,,5:00,,423 cm,"28,42 m. ü. NHN",,,
LINGEN-DARME,,3500015,"196,20",,"14,98 m. ü. NN",23.11.2024,,5:00,,343 cm,"18,41 m. ü. NN",,,
DALUM,,3550040,"212,04",,"12,39 m. ü. NHN",23.11.2024,,5:00,,278 cm,"15,17 m. ü. NHN",,,
RÜHLE,,3500070,"223,10",,"9,36 m. ü. NHN",23.11.2024,,5:00,,235 cm,"11,71 m. ü. NHN",,,
VERSEN WEHRDURCHSTICH,,3730010,"234,78",,"6,71 m. ü. NHN",23.11.2024,,5:00,,230 cm,"9,01 m. ü. NHN",,,
 ESTE,,,,,,,,,,,,,,
BUXTEHUDE,,5950080,"0,71",,"-5,04 m. ü. NHN",23.11.2024,,5:03,,532 cm,"0,28 m. ü. NHN",,,
ESTE INNERES SPERRWERK BP,,5950081,"1,00",,"-5,03 m. ü. NHN",23.11.2024,,5:03,,580 cm,"0,77 m. ü. NHN",,,
ESTE INNERES SPERRWERK AP,,5950082,"1,00",,"-5,03 m. ü. NHN",23.11.2024,,5:03,,583 cm,"0,79 m. ü. NHN",,,
 FINOWKANAL,,,,,,,,,,,,,,
RUHLSDORF OP,,693010,"59,20",,"34,53 m. ü. NHN",23.11.2024,,5:00,,Picture,"37,43 m. ü. NHN",,,
,,,,,,,,,,290 cm,,,,
LEESENBRÜCK OP,,693030,"61,10",,"32,34 m. ü. NHN",23.11.2024,,5:00,,316 cm,"35,49 m. ü. NHN",,,
GRAFENBRÜCK OP,,693050,"63,30",,"28,55 m. ü. NHN",23.11.2024,,5:00,,445 cm,"33,00 m. ü. NHN",,,
EBERSWALDE OP,,693170,"77,90",,"8,12 m. ü. NHN",23.11.2024,,5:00,,414 cm,"12,26 m. ü. NHN",,,
RAGÖSE OP,,693190,"81,00",,"5,64 m. ü. NHN",23.11.2024,,5:00,,319 cm,"8,83 m. ü. NHN",,,
STECHER OP,,693210,"84,40",,"0,48 m. ü. NHN",23.11.2024,,5:00,,601 cm,"6,49 m. ü. NHN",,,
LIEPE OP,,693230,"88,90",,"0,68 m. ü. NHN",23.11.2024,,5:00,,268 cm,"3,36 m. ü. NHN",,,
LIEPE UP,,693240,"88,90",,"0,68 m. ü. NHN",23.11.2024,,5:00,,49 cm,"1,17 m. ü. NHN",,,
 FULDA,,,,,,,,,,,,,,
BONAFORTH,,42900201,"3,61",,"117,68 m. ü. NHN",23.11.2024,,4:00,,262 cm,"120,30 m. ü. NHN",,,
GUNTERSHAUSEN,,42900100,"43,99",,"140,90 m. ü. NN",23.11.2024,,5:00,,156 cm,"142,46 m. ü. NN",,,
GREBENAU,,42700202,"55,49",,"151,01 m. ü. NHN",23.11.2024,,5:00,,187 cm,"152,88 m. ü. NHN",,,
ROTENBURG,,42700100,"95,69",,"179,52 m. ü. NHN",23.11.2024,,4:00,,212 cm,"181,64 m. ü. NHN",,,
 HAMME,,,,,,,,,,,,,,
RITTERHUDE,,4940030,"25,45",,"-5,02 m. ü. NHN",23.11.2024,,5:03,,677 cm,"1,75 m. ü. NHN",,,
 HAVEL-ODER-WASSERSTRASSE,,,,,,,,,,,,,,
BERLIN-SPANDAU UP,,580310,"0,55",,"27,96 m. ü. NHN",23.11.2024,,5:00,,142 cm,"29,38 m. ü. NHN",,,
BERLIN-SPANDAU OP,,580300,"0,76",,"27,96 m. ü. NHN",23.11.2024,,5:00,,353 cm,"31,49 m. ü. NHN",,,
BORGSDORF,,581591,"20,30",,"28,94 m. ü. NHN",23.11.2024,,5:00,,256 cm,"31,50 m. ü. NHN",,,
LEHNITZ UP,,581590,"28,43",,"28,94 m. ü. NHN",23.11.2024,,5:00,,255 cm,"31,49 m. ü. NHN",,,
LEHNITZ OP,,581580,"28,75",,"28,94 m. ü. NHN",23.11.2024,,5:00,,846 cm,"37,40 m. ü. NHN",,,
NIEDERFINOW SHW OP,,692080,"77,43",,"28,96 m. ü. NHN",23.11.2024,,5:00,,846 cm,"37,41 m. ü. NHN",,,
NIEDERFINOW SHW UP,,692090,"77,97",,"0,68 m. ü. NHN",23.11.2024,,5:00,,49 cm,"1,17 m. ü. NHN",,,
HOHENSAATEN WEST BP,,603310,"92,72",,"-0,86 m. ü. NHN",23.11.2024,,5:00,,199 cm,"1,14 m. ü. NHN",,,
HOHENSAATEN WEST AP,,603400,"93,03",,"-0,86 m. ü. NHN",23.11.2024,,5:00,,137 cm,"0,52 m. ü. NHN",,,
SCHWEDT SCHLEUSE BP,,603410,"123,48",,"-5,02 m. ü. NHN",23.11.2024,,5:00,,557 cm,"0,55 m. ü. NHN",,,
FRIEDRICHSTHAL,,603420,"133,71",,"-5,01 m. ü. NHN",23.11.2024,,5:00,,555 cm,"0,54 m. ü. NHN",,,
 HAVELKANAL,,,,,,,,,,,,,,
SCHÖNWALDE OP,,587050,"8,68",,"27,99 m. ü. NHN",23.11.2024,,5:00,,351 cm,"31,50 m. ü. NHN",,,
SCHÖNWALDE UP,,587060,"9,00",,"27,99 m. ü. NHN",23.11.2024,,5:00,,135 cm,"29,34 m. ü. NHN",,,
 HUNTE,,,,,,,,,,,,,,
OLDENBURG-DRIELAKE,,4960030,"0,55",,"-5,03 m. ü. NHN",23.11.2024,,5:03,,638 cm,"1,35 m. ü. NHN",,,
REITHÖRNE,,4960040,"7,60",,"-5,03 m. ü. NHN",23.11.2024,,5:03,,650 cm,"1,47 m. ü. NHN",,,
HOLLERSIEL,,4960050,"11,54",,"-5,00 m. ü. NHN",23.11.2024,,5:03,,662 cm,"1,62 m. ü. NHN",,,
BUTTELERHÖRNE,,4960060,"14,25",,"-5,02 m. ü. NHN",23.11.2024,,5:03,,676 cm,"1,74 m. ü. NHN",,,
HUNTEBRÜCK,,4960070,"17,80",,"-5,02 m. ü. NHN",23.11.2024,,5:03,,711 cm,"2,09 m. ü. NHN",,,
ELSFLETH OHRT,,4960080,"21,49",,"-5,02 m. ü. NHN",23.11.2024,,5:03,,730 cm,"2,28 m. ü. NHN",,,
 ILMENAU,,,,,,,,,,,,,,
LÜNE,,5940020,"1,50",,"5,65 m. ü. NHN",23.11.2024,,5:00,,99 cm,"6,64 m. ü. NHN",,,
BARDOWICK OP,,5940029,"5,62",,"0,01 m. ü. NHN",23.11.2024,,5:03,,634 cm,"6,35 m. ü. NHN",,,
BARDOWICK UP,,5940030,"5,69",,"0,01 m. ü. NHN",23.11.2024,,5:03,,533 cm,"5,33 m. ü. NHN",,,
WITTORF OP,,5940049,"12,20",,"-0,02 m. ü. NHN",23.11.2024,,5:03,,493 cm,"4,91 m. ü. NHN",,,
WITTORF UP,,5940050,"12,30",,"-0,02 m. ü. NHN",23.11.2024,,5:03,,309 cm,"3,07 m. ü. NHN",,,
FAHRENHOLZ OP,,5940070,"17,64",,"-4,99 m. ü. NHN",23.11.2024,,5:01,,788 cm,"2,89 m. ü. NHN",,,
FAHRENHOLZ UP,,5940060,"17,71",,"-4,99 m. ü. NHN",23.11.2024,,5:03,,591 cm,"0,92 m. ü. NHN",,,
ILMENAU SPERRWERK AP,,5940080,"28,47",,"-5,02 m. ü. NHN",23.11.2024,,5:03,,490 cm,"-0,11 m. ü. NHN",,,
 ITTER ZUR DIEMEL,,,,,,,,,,,,,,
KOTTHAUSEN,,44100013,"3,40",,"377,68 m. ü. NN",23.11.2024,,5:00,,27 cm,"377,95 m. ü. NN",,,
 ITTER ZUR EDER,,,,,,,,,,,,,,
HERZHAUSEN,,42800218,"1,30",,"260,02 m. ü. NHN",23.11.2024,,5:00,,78 cm,"260,80 m. ü. NHN",,,
 JADE,,,,,,,,,,,,,,
WHV ALTER VORHAFEN,,9440020,"1,56",,"-5,04 m. ü. NHN",23.11.2024,,5:03,,722 cm,"2,18 m. ü. NHN",,,
WHV NEUER VORHAFEN,,9440030,"4,05",,"-5,02 m. ü. NHN",23.11.2024,,5:03,,712 cm,"2,10 m. ü. NHN",,,
JADE-WESER-PORT,,9430050,"11,60",,"-5,02 m. ü. NHN",23.11.2024,,5:03,,705 cm,"2,03 m. ü. NHN",,,
HOOKSIELPLATE,,9430020,"18,10",,"-5,04 m. ü. NHN",23.11.2024,,5:03,,696 cm,"1,92 m. ü. NHN",,,
SCHILLIG,,9430030,"24,14",,"-5,02 m. ü. NHN",23.11.2024,,5:03,,692 cm,"1,90 m. ü. NHN",,,
MELLUMPLATE,,9420010,"31,13",,"-5,04 m. ü. NHN",23.11.2024,,5:03,,672 cm,"1,68 m. ü. NHN",,,
WANGEROOGE OST,,9420020,"35,00",,"-5,01 m. ü. NHN",23.11.2024,,5:03,,664 cm,"1,63 m. ü. NHN",,,
WANGEROOGE NORD,,9420030,"41,05",,"-5,04 m. ü. NHN",23.11.2024,,5:03,,659 cm,"1,55 m. ü. NHN",,,
WANGEROOGE WEST,,9420040,"43,21",,"-5,05 m. ü. NHN",23.11.2024,,5:03,,666 cm,"1,61 m. ü. NHN",,,
 KLEINES HAFF,,,,,,,,,,,,,,
KARNIN,,9690084,"0,00",,"-4,98 m. ü. NHN",23.11.2024,,5:03,,530 cm,"0,33 m. ü. NHN",,,
UECKERMÜNDE,,9690088,"0,00",,"-4,98 m. ü. NHN",23.11.2024,,5:03,,532 cm,"0,34 m. ü. NHN",,,
 KRÜCKAU,,,,,,,,,,,,,,
ELMSHORN HAFEN,,5970022,"0,03",,"-5,01 m. ü. NHN",23.11.2024,,5:03,,615 cm,"1,14 m. ü. NHN",,,
KRÜCKAU-SPERRWERK BP,,5970023,"10,50",,"-5,03 m. ü. NHN",23.11.2024,,5:02,,629 cm,"1,26 m. ü. NHN",,,
 KÜSTENKANAL,,,,,,,,,,,,,,
HUNDSMÜHLEN,,4960020,"5,19",,,23.11.2024,,5:03,,509 cm,,,,
HILKENBROOK,,3800010,"41,19",,"-0,02 m. ü. NHN",23.11.2024,,5:00,,506 cm,"5,04 m. ü. NHN",,,
 LAHN,,,,,,,,,,,,,,
MARBURG,,25830056,"-38,70",,"173,67 m. ü. NN",23.11.2024,,3:30,,238 cm,"176,05 m. ü. NN",,,
GIESSEN KLÄRWERK,,25800100,"-3,20",,"149,99 m. ü. NHN",23.11.2024,,5:00,,350 cm,"153,49 m. ü. NHN",,,
NIEDERBIEL SCHLEUSE KANAL OP,,25800177,"19,30",,,23.11.2024,,5:00,,438 cm,,,,
LEUN NEU,,25800200,"25,10",,"134,99 m. ü. NHN",23.11.2024,,5:00,,287 cm,"137,86 m. ü. NHN",,,
LIMBURG SCHLEUSE UP,,25800440,"76,60",,,23.11.2024,,5:00,,146 cm,,,,
DIEZ HAFEN,,25800500,"83,70",,"101,26 m. ü. NHN",23.11.2024,,5:00,,193 cm,"103,19 m. ü. NHN",,,
KALKOFEN NEU,,25800600,"106,40",,"86,40 m. ü. NHN",23.11.2024,,5:00,,295 cm,"89,35 m. ü. NHN",,,
LAHNSTEIN SCHLEUSE UP,,25800800,"136,00",,"58,81 m. ü. NHN",23.11.2024,,5:00,,295 cm,"61,76 m. ü. NHN",,,
 LANDWEHRKANAL,,,,,,,,,,,,,,
BERLIN-UNTERSCHLEUSE UP,,586630,"1,61",,"28,00 m. ü. NHN",23.11.2024,,5:00,,273 cm,"30,73 m. ü. NHN",,,
BERLIN-UNTERSCHLEUSE OP,,586620,"1,71",,"28,00 m. ü. NHN",23.11.2024,,5:00,,404 cm,"32,04 m. ü. NHN",,,
BERLIN-OBERSCHLEUSE UP,,586610,"10,51",,"27,99 m. ü. NHN",23.11.2024,,5:00,,405 cm,"32,04 m. ü. NHN",,,
BERLIN-OBERSCHLEUSE OP,,586600,"10,62",,"27,99 m. ü. NHN",23.11.2024,,5:00,,436 cm,"32,35 m. ü. NHN",,,
 LEDA,,,,,,,,,,,,,,
DREYSCHLOOT,,3880010,"0,73",,"-5,02 m. ü. NHN",23.11.2024,,5:03,,517 cm,"0,15 m. ü. NHN",,,
LEDASPERRWERK UP,,3880050,"21,12",,"-5,02 m. ü. NHN",23.11.2024,,5:03,,732 cm,"2,30 m. ü. NHN",,,
 LEINE,,,,,,,,,,,,,,
SCHWARMSTEDT,,48800301,"6,20",,"21,00 m. ü. NN",23.11.2024,,5:00,,278 cm,"23,78 m. ü. NN",,,
NEUSTADT,,48800200,"45,74",,"31,29 m. ü. NN",23.11.2024,,5:00,,268 cm,"33,97 m. ü. NN",,,
HERRENHAUSEN,,48800108,"87,07",,"43,81 m. ü. NN",23.11.2024,,2:30,,259 cm,"46,40 m. ü. NN",,,
 LESUM,,,,,,,,,,,,,,
WASSERHORST,,4930010,"2,30",,"-5,00 m. ü. NHN",23.11.2024,,5:03,,687 cm,"1,87 m. ü. NHN",,,
 LYCHENER GEWÄSSER,,,,,,,,,,,,,,
HIMMELPFORT UP,,581120,"0,25",,"51,00 m. ü. NHN",23.11.2024,,5:00,,56 cm,"51,56 m. ü. NHN",,,
HIMMELPFORT OP,,581110,"0,30",,"51,00 m. ü. NHN",23.11.2024,,5:00,,184 cm,"52,84 m. ü. NHN",,,
 LÜHE,,,,,,,,,,,,,,
HORNEBURG,,5960020,"0,25",,"-5,03 m. ü. NHN",23.11.2024,,5:03,,580 cm,"0,77 m. ü. NHN",,,
 MAIN,,,,,,,,,,,,,,
RAUNHEIM,,24900108,"12,21",,"82,88 m. ü. NHN",23.11.2024,,5:00,,145 cm,"84,33 m. ü. NHN",,,
FRANKFURT OSTHAFEN,,24700404,"37,59",,"90,63 m. ü. NHN",23.11.2024,,5:00,,174 cm,"92,37 m. ü. NHN",,,
KROTZENBURG,,24700335,"63,23",,"98,11 m. ü. NHN",23.11.2024,,5:00,,127 cm,"99,38 m. ü. NHN",,,
MAINFLINGEN,,24700325,"76,43",,"101,12 m. ü. NHN",23.11.2024,,5:00,,98 cm,"102,11 m. ü. NHN",,,
OBERNAU,,24700302,"92,39",,"107,78 m. ü. NHN",23.11.2024,,5:00,,136 cm,"109,14 m. ü. NHN",,,
KLEINHEUBACH,,24700200,"121,70",,"119,60 m. ü. NHN",23.11.2024,,5:00,,154 cm,"121,14 m. ü. NHN",,,
FAULBACH,,24700109,"146,60",,"128,26 m. ü. NHN",23.11.2024,,5:00,,158 cm,"129,84 m. ü. NHN",,,
WERTHEIM,,24709089,"156,96",,"132,84 m. ü. NHN",23.11.2024,,5:00,,142 cm,"134,25 m. ü. NHN",,,
STEINBACH,,24500100,"200,52",,"146,30 m. ü. NHN",23.11.2024,,5:00,,169 cm,"147,99 m. ü. NHN",,,
WÜRZBURG,,24300600,"251,97",,"164,51 m. ü. NHN",23.11.2024,,5:00,,178 cm,"166,29 m. ü. NHN",,,
ASTHEIM,,24300406,"311,22",,"189,46 m. ü. NHN",23.11.2024,,5:00,,167 cm,"191,13 m. ü. NHN",,,
SCHWEINFURT NEUER HAFEN,,24300304,"330,78",,"201,12 m. ü. NHN",23.11.2024,,5:00,,221 cm,"203,33 m. ü. NHN",,,
TRUNSTADT,,24300202,"378,44",,"223,36 m. ü. NHN",23.11.2024,,5:00,,171 cm,"225,06 m. ü. NHN",,,
 MAIN-DONAU-KANAL,,,,,,,,,,,,,,
BAMBERG,,24300042,"7,31",,"228,50 m. ü. NN",23.11.2024,,5:00,,253 cm,"231,03 m. ü. NN",,,
RIEDENBURG_UP,,13409200,"151,20",,"342,60 m. ü. NN",23.11.2024,,4:00,,405 cm,"346,65 m. ü. NN",,,
 MALZER KANAL,,,,,,,,,,,,,,
LIEBENWALDE UP,,581550,"43,26",,"36,12 m. ü. NHN",23.11.2024,,5:00,,131 cm,"37,43 m. ü. NHN",,,
LIEBENWALDE OP,,581540,"45,33",,"36,12 m. ü. NHN",23.11.2024,,5:00,,300 cm,"39,12 m. ü. NHN",,,
 MITTELLANDKANAL,,,,,,,,,,,,,,
HÖRSTEL,,31010010,"0,60",,,23.11.2024,,4:00,,,"50,37 m+NN",,,
RECKE,,31010011,"12,60",,,23.11.2024,,4:00,,,"50,36 m+NN",,,
BRAMSCHE,,31010020,"31,95",,,23.11.2024,,4:00,,,"50,33 m+NN",,,
BROXTEN,,31010032,"47,43",,,23.11.2024,,4:00,,,"50,84 m+NN",,,
BAD ESSEN,,31010030,"60,80",,,23.11.2024,,4:00,,,"50,35 m+NN",,,
LÜBBECKE,,31010031,"80,10",,,23.11.2024,,4:00,,,"50,32 m+NN",,,
HAHLEN,,31010041,"98,09",,,23.11.2024,,4:00,,,"50,30 m+NN",,,
BERENBUSCH,,31010042,"106,73",,,23.11.2024,,4:00,,,"50,31 m+NN",,,
RUSBEND,,31010043,"112,16",,,23.11.2024,,4:00,,,"49,40 m+NN",,,
NIENBRÜGGE,,31010044,"126,70",,,23.11.2024,,4:00,,,"50,33 m+NN",,,
RODENBERGER AUE-WEST,,31010052,"132,68",,,23.11.2024,,4:00,,,"50,37 m+NN",,,
RODENBERGER AUE-OST,,31010051,"133,55",,,23.11.2024,,4:00,,,"50,30 m+NN",,,
LOHNDE,,31010050,"150,10",,,23.11.2024,,4:00,,,"50,34 m+NN",,,
HANN. LIST,,31010062,"163,56",,,23.11.2024,,4:00,,,"50,38 m+NN",,,
ANDERTEN UW,,31010060,"173,43",,,23.11.2024,,4:00,,,"50,42 m+NN",,,
ANDERTEN OW,,31010061,"174,96",,,23.11.2024,,4:00,,,"65,11 m+NN",,,
SEHNDE,,31010070,"183,58",,,23.11.2024,,4:00,,,"65,10 m+NN",,,
MEHRUM,,31010071,"192,56",,,23.11.2024,,4:00,,,"65,06 m+NN",,,
THUNE,,31010080,"222,85",,,23.11.2024,,4:00,,,"65,11 m+NN",,,
SÜLFELD OW,,31010092,"235,70",,,23.11.2024,,4:00,,,"65,24 m+NN",,,
SÜLFELD UW,,31010091,"238,00",,,23.11.2024,,4:00,,,"56,16 m+NN",,,
VORSFELDE,,31010090,"249,12",,,23.11.2024,,4:00,,,"56,11 m+NN",,,
RÜHEN,,31010093,"256,10",,,23.11.2024,,4:00,,,"56,13 m+NN",,,
VELSDORF,,3101012,"283,10",,"-0,03 m. ü. NHN",23.11.2024,,5:00,,5613 cm,"56,10 m. ü. NHN",,,
HALDENSLEBEN,,3101013,"300,90",,,23.11.2024,,4:00,,,"56,17 m+NN",,,
KANALBRÜCKE,,3101018,"321,33",,"-0,03 m. ü. NHN",23.11.2024,,5:00,,5612 cm,"56,09 m. ü. NHN",,,
 MOSEL,,,,,,,,,,,,,,
KOBLENZ UP,,26900900,"1,90",,"58,01 m. ü. NHN",23.11.2024,,5:00,,318 cm,"61,19 m. ü. NHN",,,
LEHMEN UP,,26900700,"20,40",,"63,08 m. ü. NHN",23.11.2024,,5:00,,458 cm,"67,66 m. ü. NHN",,,
MÜDEN UP,,26900500,"36,80",,"70,52 m. ü. NHN",23.11.2024,,5:00,,463 cm,"75,15 m. ü. NHN",,,
COCHEM,,26900400,"51,60",,"77,03 m. ü. NHN",23.11.2024,,5:00,,375 cm,"80,78 m. ü. NHN",,,
FANKEL UP,,26900300,"58,90",,"77,02 m. ü. NHN",23.11.2024,,5:00,,498 cm,"82,00 m. ü. NHN",,,
SANKT ALDEGUND UP,,26900100,"78,10",,"84,02 m. ü. NHN",23.11.2024,,5:00,,477 cm,"88,79 m. ü. NHN",,,
ENKIRCH UP,,26700900,"102,60",,"91,02 m. ü. NHN",23.11.2024,,4:45,,485 cm,"95,87 m. ü. NHN",,,
ZELTINGEN UP,,26700600,"123,40",,"98,50 m. ü. NN",23.11.2024,,5:00,,432 cm,"102,82 m. ü. NN",,,
WINTRICH UP,,26700400,"141,10",,"104,50 m. ü. NHN",23.11.2024,,5:00,,409 cm,"108,59 m. ü. NHN",,,
DETZEM UP,,26700200,"165,40",,"112,00 m. ü. NHN",23.11.2024,,5:00,,434 cm,"116,34 m. ü. NHN",,,
RUWER,,26500150,"185,94",,"121,00 m. ü. NN",23.11.2024,,5:00,,316 cm,"124,16 m. ü. NN",,,
TRIER UP,,26500100,"195,30",,"121,00 m. ü. NN",23.11.2024,,5:00,,408 cm,"125,08 m. ü. NN",,,
GREVENMACHER UP,,26100200,"212,50",,,23.11.2024,,5:00,,294 cm,,,,
WINCHERINGEN,,26100140,"222,20",,"134,50 m. ü. NN",23.11.2024,,5:00,,246 cm,"136,96 m. ü. NN",,,
STADTBREDIMUS UP,,26100130,"229,44",,,23.11.2024,,4:30,,301 cm,,,,
PERL,,26100100,"241,80",,"138,50 m. ü. NN",23.11.2024,,5:00,,280 cm,"141,30 m. ü. NN",,,
 MÜGGELSPREE,,,,,,,,,,,,,,
GROSSE TRÄNKE WEHR UP,,582670,"44,91",,"34,79 m. ü. NHN",23.11.2024,,5:00,,144 cm,"36,23 m. ü. NHN",,,
GROSSE TRÄNKE WEHR OP,,582660,"45,03",,"34,79 m. ü. NHN",23.11.2024,,5:00,,213 cm,"36,92 m. ü. NHN",,,
 MÜRITZ-ELDE-WASSERSTRASSE,,,,,,,,,,,,,,
DÖMITZ UP,,596460,"0,90",,"10,72 m. ü. NHN",23.11.2024,,5:00,,113 cm,"11,85 m. ü. NHN",,,
DÖMITZ OP,,596450,"1,00",,"13,38 m. ü. NHN",23.11.2024,,5:00,,131 cm,"14,69 m. ü. NHN",,,
NEU KALLISS OP,,596430,"4,97",,"15,47 m. ü. NHN",23.11.2024,,5:00,,122 cm,"16,69 m. ü. NHN",,,
FINDENWIRUNSHIER OP,,596410,"5,84",,"17,74 m. ü. NHN",23.11.2024,,5:00,,101 cm,"18,75 m. ü. NHN",,,
MALLISS UP,,596400,"9,43",,"17,74 m. ü. NHN",23.11.2024,,5:00,,102 cm,"18,76 m. ü. NHN",,,
MALLISS OP,,596390,"9,51",,"19,73 m. ü. NHN",23.11.2024,,5:00,,98 cm,"20,71 m. ü. NHN",,,
ELDENA OP,,596370,"18,00",,"21,46 m. ü. NHN",23.11.2024,,5:00,,101 cm,"22,47 m. ü. NHN",,,
GÜRITZ OP,,596350,"22,80",,"24,76 m. ü. NHN",23.11.2024,,5:00,,99 cm,"25,75 m. ü. NHN",,,
GRABOW OP,,596330,"30,85",,"26,67 m. ü. NHN",23.11.2024,,5:00,,101 cm,"27,68 m. ü. NHN",,,
KLEIN LAASCH WEHR OP,,596300,"42,72",,"29,91 m. ü. NHN",23.11.2024,,5:00,,103 cm,"30,94 m. ü. NHN",,,
NEUSTADT GLEWE OP,,596280,"46,20",,"32,10 m. ü. NHN",23.11.2024,,5:00,,103 cm,"33,13 m. ü. NHN",,,
LEWITZ OP,,596250,"50,60",,"35,79 m. ü. NHN",23.11.2024,,5:00,,100 cm,"36,79 m. ü. NHN",,,
GARWITZ UP,,596230,"60,66",,"35,79 m. ü. NHN",23.11.2024,,5:00,,103 cm,"36,82 m. ü. NHN",,,
MALCHOW WEHR OP,,596200,"65,20",,"39,73 m. ü. NHN",23.11.2024,,3:00,,96 cm,"40,69 m. ü. NHN",,,
PARCHIM GÜTE,,5961801,"72,57",,"42,81 m. ü. NHN",23.11.2024,,5:00,,99 cm,"43,80 m. ü. NHN",,,
NEUBURG OP,,596160,"83,36",,"46,61 m. ü. NHN",23.11.2024,,5:00,,111 cm,"47,72 m. ü. NHN",,,
BUROW,,5961601,"88,39",,"45,04 m. ü. NHN",23.11.2024,,3:00,,59 cm,"45,63 m. ü. NHN",,,
LÜBZ OP,,596140,"98,98",,"49,55 m. ü. NHN",23.11.2024,,5:00,,102 cm,"50,57 m. ü. NHN",,,
BOBZIN OP,,596120,"103,80",,"56,46 m. ü. NHN",23.11.2024,,5:00,,105 cm,"57,51 m. ü. NHN",,,
BARKOW OP,,596100,"114,09",,"59,67 m. ü. NHN",23.11.2024,,5:00,,107 cm,"60,74 m. ü. NHN",,,
PLAU UP,,596090,"120,00",,"59,67 m. ü. NHN",23.11.2024,,5:00,,110 cm,"60,77 m. ü. NHN",,,
PLAU OP,,596080,"120,08",,"60,15 m. ü. NHN",23.11.2024,,5:00,,192 cm,"62,07 m. ü. NHN",,,
WAREN,,596030,"151,97",,"60,16 m. ü. NHN",23.11.2024,,5:00,,193 cm,"62,09 m. ü. NHN",,,
 MÜRITZ-HAVEL-WASSERSTRASSE,,,,,,,,,,,,,,
MIROW UP,,581010,"22,89",,"57,55 m. ü. NHN",23.11.2024,,5:00,,139 cm,"58,94 m. ü. NHN",,,
MIROW OP,,581000,"23,09",,"60,16 m. ü. NHN",23.11.2024,,5:00,,194 cm,"62,10 m. ü. NHN",,,
 NECKAR,,,,,,,,,,,,,,
MANNHEIM NECKAR,,23800900,"3,10",,"84,79 m. ü. NHN",23.11.2024,,5:00,,278 cm,"87,57 m. ü. NHN",,,
HEIDELBERG UP,,23800760,"26,10",,"103,22 m. ü. NHN",23.11.2024,,5:00,,210 cm,"105,32 m. ü. NHN",,,
ROCKENAU SKA,,23800690,"60,70",,"119,71 m. ü. NHN",23.11.2024,,5:00,,225 cm,"121,96 m. ü. NHN",,,
GUNDELSHEIM UP,,23800620,"93,80",,"136,60 m. ü. NHN",23.11.2024,,5:00,,233 cm,"138,93 m. ü. NHN",,,
HORKHEIM SCHLEUSE UP,,23800557,"117,44",,"152,00 m. ü. NHN",23.11.2024,,5:00,,210 cm,"154,10 m. ü. NHN",,,
HORKHEIM WEHR UP,,23800520,"119,80",,"152,00 m. ü. NHN",23.11.2024,,5:00,,255 cm,"154,55 m. ü. NHN",,,
LAUFFEN SCHLEUSE UP,,23800501,"125,09",,"159,37 m. ü. NHN",23.11.2024,,5:00,,214 cm,"161,51 m. ü. NHN",,,
LAUFFEN,,23800500,"125,43",,"159,37 m. ü. NHN",23.11.2024,,5:00,,248 cm,"161,86 m. ü. NHN",,,
BESIGHEIM SCHLEUSE UP,,23800480,"136,16",,"167,75 m. ü. NHN",23.11.2024,,4:45,,221 cm,"169,96 m. ü. NHN",,,
BESIGHEIM SKA,,23800460,"136,28",,"167,75 m. ü. NHN",23.11.2024,,5:00,,220 cm,"169,95 m. ü. NHN",,,
BESIGHEIM WEHR UP,,23800440,"136,90",,"167,75 m. ü. NHN",23.11.2024,,4:45,,221 cm,"169,96 m. ü. NHN",,,
HESSIGHEIM SCHLEUSE UP,,23800420,"142,90",,"174,06 m. ü. NHN",23.11.2024,,4:45,,208 cm,"176,14 m. ü. NHN",,,
PLEIDELSHEIM SCHLEUSE UP,,23800400,"150,02",,"180,23 m. ü. NHN",23.11.2024,,5:00,,218 cm,"182,41 m. ü. NHN",,,
BEIHINGEN WEHR UP,,23800360,"154,30",,"180,23 m. ü. NHN",23.11.2024,,5:00,,455 cm,"184,78 m. ü. NHN",,,
MARBACH SCHLEUSE UP,,23800322,"157,55",,"188,28 m. ü. NHN",23.11.2024,,4:45,,225 cm,"190,53 m. ü. NHN",,,
MARBACH WEHR UP,,23800320,"158,93",,"188,28 m. ü. NHN",23.11.2024,,4:45,,238 cm,"190,66 m. ü. NHN",,,
POPPENWEILER SCHLEUSE UP,,23800300,"164,72",,"194,27 m. ü. NHN",23.11.2024,,4:45,,214 cm,"196,41 m. ü. NHN",,,
ALDINGEN SCHLEUSE UP,,23800280,"171,92",,"201,28 m. ü. NHN",23.11.2024,,4:45,,214 cm,"203,42 m. ü. NHN",,,
HOFEN SCHLEUSE UP,,23800260,"176,03",,"204,88 m. ü. NHN",23.11.2024,,4:45,,218 cm,"207,06 m. ü. NHN",,,
CANNSTATT SCHLEUSE UP,,23800240,"182,70",,"211,79 m. ü. NHN",23.11.2024,,4:45,,217 cm,"213,96 m. ü. NHN",,,
UNTERTÜRKHEIM SCHLEUSE UP,,23800220,"186,20",,"217,09 m. ü. NHN",23.11.2024,,4:45,,214 cm,"219,23 m. ü. NHN",,,
OBERTÜRKHEIM SCHLEUSE UP,,23800200,"189,41",,"220,74 m. ü. NHN",23.11.2024,,4:45,,211 cm,"222,85 m. ü. NHN",,,
ESSLINGEN SCHLEUSE UP,,23800180,"193,91",,"229,09 m. ü. NHN",23.11.2024,,4:45,,215 cm,"231,24 m. ü. NHN",,,
ESSLINGEN WEHR OP,,23800176,"194,10",,"234,29 m. ü. NHN",23.11.2024,,5:00,,208 cm,"236,37 m. ü. NHN",,,
OBERESSLINGEN SCHLEUSE UP,,23800145,"194,76",,"234,29 m. ü. NHN",23.11.2024,,5:00,,202 cm,"236,31 m. ü. NHN",,,
OBERESSLINGEN WEHR UP,,23800140,"196,46",,"234,29 m. ü. NHN",23.11.2024,,5:00,,206 cm,"236,35 m. ü. NHN",,,
DEIZISAU SCHLEUSE UP,,23800120,"199,49",,"240,20 m. ü. NHN",23.11.2024,,4:45,,213 cm,"242,33 m. ü. NHN",,,
PLOCHINGEN,,23800100,"202,56",,"245,86 m. ü. NHN",23.11.2024,,5:00,,160 cm,"247,46 m. ü. NHN",,,
 NEUHAUSER SPEISEKANAL,,,,,,,,,,,,,,
NEUHAUS OP,,585850,"2,70",,"38,82 m. ü. NHN",23.11.2024,,5:00,,214 cm,"40,96 m. ü. NHN",,,
NEUHAUS UP,,585860,"2,77",,"38,82 m. ü. NHN",23.11.2024,,5:00,,92 cm,"39,74 m. ü. NHN",,,
 NIEGRIPPER VERBINDUNGSKANAL,,,,,,,,,,,,,,
NIEGRIPP BP,,587500,"0,59",,"34,41 m. ü. NHN",22.11.2024,,22:00,,307 cm,"37,48 m. ü. NHN",,,
 NORD-OSTSEE-KANAL,,,,,,,,,,,,,,
AWK STROHBRÜCK,,5970069,"0,89",,"0,00 m. ü. NHN",23.11.2024,,5:03,,652 cm,"6,52 m. ü. NHN",,,
NOK BRUNSBÜTTEL,,5970091,"2,12",,"-5,00 m. ü. NHN",23.11.2024,,5:03,,503 cm,"0,03 m. ü. NHN",,,
NOK DÜKERSWISCH,,5970085,"21,50",,"-5,00 m. ü. NHN",23.11.2024,,5:03,,499 cm,"-0,01 m. ü. NHN",,,
NOK BREIHOLZ,,5970075,"48,50",,"-5,00 m. ü. NHN",23.11.2024,,5:03,,496 cm,"-0,04 m. ü. NHN",,,
NOK RENDSBURG,,5970074,"63,50",,"-5,00 m. ü. NHN",23.11.2024,,5:03,,486 cm,"-0,14 m. ü. NHN",,,
NOK KÖNIGSFÖRDE,,5970067,"79,63",,"-5,00 m. ü. NHN",23.11.2024,,5:03,,488 cm,"-0,12 m. ü. NHN",,,
NOK KIEL BINNEN,,5979020,"97,76",,,23.11.2024,,5:03,,492 cm,,,,
NOK KIEL AUSSEN,,5650068,"98,13",,,23.11.2024,,5:03,,509 cm,,,,
 NORDSEE,,,,,,,,,,,,,,
HELGOLAND BINNENHAFEN,,9510070,"0,00",,"-5,02 m. ü. NHN",23.11.2024,,5:03,,646 cm,"1,45 m. ü. NHN",,,
PELLWORM ANLEGER,,9550021,"0,00",,"-5,03 m. ü. NHN",23.11.2024,,5:03,,690 cm,"1,87 m. ü. NHN",,,
WITTDÜN,,9570010,"0,00",,"-5,02 m. ü. NHN",23.11.2024,,5:03,,662 cm,"1,59 m. ü. NHN",,,
BORKUM FISCHERBALJE,,9340020,"83,50",,"-5,04 m. ü. NHN",23.11.2024,,5:03,,611 cm,"1,07 m. ü. NHN",,,
BORKUM SÜDSTRAND,,9340030,"89,23",,"-5,02 m. ü. NHN",23.11.2024,,5:03,,593 cm,"0,91 m. ü. NHN",,,
HELGOLAND SÜDHAFEN,,9510075,"100,00",,"-5,01 m. ü. NHN",23.11.2024,,5:03,,643 cm,"1,42 m. ü. NHN",,,
BÜSUM,,9510095,"100,00",,"-5,02 m. ü. NHN",23.11.2024,,5:03,,704 cm,"2,02 m. ü. NHN",,,
HUSUM,,9530020,"100,00",,"-5,00 m. ü. NHN",23.11.2024,,5:03,,694 cm,"1,94 m. ü. NHN",,,
DAGEBÜLL,,9570040,"100,00",,"-5,00 m. ü. NHN",23.11.2024,,5:03,,648 cm,"1,48 m. ü. NHN",,,
HÖRNUM,,9570050,"100,00",,"-5,00 m. ü. NHN",23.11.2024,,5:03,,643 cm,"1,43 m. ü. NHN",,,
LIST AUF SYLT,,9570070,"100,00",,"-4,99 m. ü. NHN",23.11.2024,,5:03,,593 cm,"0,94 m. ü. NHN",,,
EIDER-SPERRWERK AP,,9530010,"109,62",,"-5,02 m. ü. NHN",23.11.2024,,5:02,,691 cm,"1,89 m. ü. NHN",,,
NORDERNEY RIFFGAT,,9360010,"159,33",,"-5,00 m. ü. NHN",23.11.2024,,5:03,,618 cm,"1,18 m. ü. NHN",,,
LANGEOOG,,9390010,"182,13",,"-5,04 m. ü. NHN",23.11.2024,,5:03,,647 cm,"1,43 m. ü. NHN",,,
SPIEKEROOG,,9410010,"194,37",,"-5,08 m. ü. NHN",23.11.2024,,5:03,,659 cm,"1,51 m. ü. NHN",,,
ZEHNERLOCH,,9510010,"733,00",,"-5,02 m. ü. NHN",23.11.2024,,5:02,,692 cm,"1,89 m. ü. NHN",,,
MITTELGRUND,,9510132,"733,70",,"-4,99 m. ü. NHN",23.11.2024,,5:03,,691 cm,"1,92 m. ü. NHN",,,
SCHARHÖRN,,9510060,"745,00",,"-5,00 m. ü. NHN",23.11.2024,,5:02,,687 cm,"1,87 m. ü. NHN",,,
BAKE A,,9510063,"755,70",,"-5,09 m. ü. NHN",23.11.2024,,5:03,,687 cm,"1,78 m. ü. NHN",,,
BAKE Z,,9510066,"755,90",,"-5,03 m. ü. NHN",23.11.2024,,5:03,,681 cm,"1,78 m. ü. NHN",,,
 OBERE HAVEL-WASSERSTRASSE,,,,,,,,,,,,,,
BISCHOFSWERDER UP,,581530,"4,20",,"37,81 m. ü. NHN",23.11.2024,,5:00,,133 cm,"39,14 m. ü. NHN",,,
BISCHOFSWERDER OP,,581520,"4,50",,"37,81 m. ü. NHN",23.11.2024,,5:00,,467 cm,"42,48 m. ü. NHN",,,
ZEHDENICK UP,,580170,"15,78",,"41,24 m. ü. NHN",23.11.2024,,5:00,,129 cm,"42,53 m. ü. NHN",,,
ZEHDENICK OP,,580160,"16,06",,"41,24 m. ü. NHN",23.11.2024,,5:00,,448 cm,"45,72 m. ü. NHN",,,
BREDEREICHE UP,,580090,"47,63",,"46,50 m. ü. NHN",23.11.2024,,5:00,,208 cm,"48,57 m. ü. NHN",,,
BREDEREICHE OP,,580080,"47,99",,"46,50 m. ü. NHN",23.11.2024,,5:00,,506 cm,"51,55 m. ü. NHN",,,
FÜRSTENBERG UP,,580070,"60,66",,"50,22 m. ü. NHN",23.11.2024,,5:00,,135 cm,"51,57 m. ü. NHN",,,
FÜRSTENBERG OP,,580060,"60,80",,"51,24 m. ü. NHN",23.11.2024,,5:00,,185 cm,"53,09 m. ü. NHN",,,
WESENBERG UP,,580030,"81,72",,"52,47 m. ü. NHN",23.11.2024,,5:00,,243 cm,"54,90 m. ü. NHN",,,
WESENBERG OP,,580020,"81,80",,"54,68 m. ü. NHN",23.11.2024,,5:00,,259 cm,"57,27 m. ü. NHN",,,
VOSSWINKEL OP,,580000,"88,10",,"56,61 m. ü. NHN",23.11.2024,,5:00,,233 cm,"58,94 m. ü. NHN",,,
VOSSWINKEL UP,,580010,"89,99",,"55,55 m. ü. NHN",23.11.2024,,5:00,,174 cm,"57,29 m. ü. NHN",,,
 ODER,,,,,,,,,,,,,,
RATZDORF,,603140,"542,55",,"28,50 m. ü. NHN",23.11.2024,,5:00,,241 cm,"30,91 m. ü. NHN",,,
EISENHÜTTENSTADT,,603000,"554,14",,"25,16 m. ü. NHN",23.11.2024,,5:00,,255 cm,"27,71 m. ü. NHN",,,
FRANKFURT1 (ODER),,603031,"585,28",,"17,19 m. ü. NHN",23.11.2024,,5:00,,197 cm,"19,16 m. ü. NHN",,,
KIETZ,,603040,"614,79",,"8,66 m. ü. NHN",23.11.2024,,5:00,,251 cm,"11,17 m. ü. NHN",,,
KIENITZ,,603050,"632,92",,"5,18 m. ü. NHN",23.11.2024,,5:00,,281 cm,"7,98 m. ü. NHN",,,
HOHENSAATEN-FINOW,,603080,"664,95",,"0,15 m. ü. NHN",23.11.2024,,5:00,,280 cm,"2,95 m. ü. NHN",,,
STÜTZKOW,,603100,"680,65",,"-5,01 m. ü. NHN",23.11.2024,,5:00,,626 cm,"1,25 m. ü. NHN",,,
SCHWEDT-ODERBRÜCKE,,603130,"690,61",,"-5,01 m. ü. NHN",23.11.2024,,5:00,,581 cm,"0,80 m. ü. NHN",,,
 ORANIENBURGER HAVEL,,,,,,,,,,,,,,
OHV KM 1.467 (BLAUES WUNDER),,580272,"1,50",,"30,85 m. ü. NHN",23.11.2024,,5:00,,68 cm,"31,53 m. ü. NHN",,,
OHV KM 3.014 (HOCHSPANNUNG),,580271,"3,00",,"30,86 m. ü. NHN",23.11.2024,,5:00,,67 cm,"31,53 m. ü. NHN",,,
 ORANIENBURGER KANAL,,,,,,,,,,,,,,
SACHSENHAUSEN UP,,581840,"29,81",,"32,53 m. ü. NHN",23.11.2024,,5:00,,139 cm,"33,92 m. ü. NHN",,,
SACHSENHAUSEN OP,,580240,"29,82",,"32,53 m. ü. NHN",23.11.2024,,5:00,,190 cm,"34,43 m. ü. NHN",,,
 ORKE,,,,,,,,,,,,,,
DALWIGKSTHAL,,42840453,"11,41",,,23.11.2024,,4:00,,93 cm,,,,
 OSTE,,,,,,,,,,,,,,
BREMERVÖRDE UW,,5980010,"0,03",,"-5,00 m. ü. NN",23.11.2024,,5:03,,587 cm,"0,87 m. ü. NN",,,
HECHTHAUSEN,,5980030,"30,94",,,23.11.2024,,5:03,,605 cm,,,,
OSTE-SPERRWERK BP,,9000000532,"69,58",,"-5,02 m. ü. NHN",23.11.2024,,5:03,,685 cm,"1,83 m. ü. NHN",,,
OSTE-SPERRWERK AP,,9000000590,"69,58",,"-5,02 m. ü. NHN",23.11.2024,,5:03,,685 cm,"1,83 m. ü. NHN",,,
BELUM,,5980060,"69,89",,"-5,02 m. ü. NN",23.11.2024,,5:03,,686 cm,"1,83 m. ü. NN",,,
 OSTSEE,,,,,,,,,,,,,,
ALTHAGEN,,9650024,,,"-4,98 m. ü. NHN",23.11.2024,,5:05,,523 cm,"0,25 m. ü. NHN",,,
BARHÖFT,,9650040,,,"-4,98 m. ü. NHN",23.11.2024,,5:03,,530 cm,"0,32 m. ü. NHN",,,
WARNEMÜNDE,,9640015,"0,00",,"-4,98 m. ü. NHN",23.11.2024,,5:03,,515 cm,"0,17 m. ü. NHN",,,
BARTH,,9650030,"0,00",,"-4,98 m. ü. NHN",23.11.2024,,5:03,,525 cm,"0,27 m. ü. NHN",,,
STRALSUND,,9650043,"0,00",,"-4,98 m. ü. NHN",23.11.2024,,5:03,,524 cm,"0,27 m. ü. NHN",,,
STAHLBRODE,,9650070,"0,00",,"-4,97 m. ü. NHN",23.11.2024,,5:03,,520 cm,"0,23 m. ü. NHN",,,
WOLGAST,,9650080,"0,00",,"-4,97 m. ü. NHN",23.11.2024,,5:03,,527 cm,"0,30 m. ü. NHN",,,
NEUENDORF HAFEN,,9670046,"0,00",,"-4,98 m. ü. NHN",23.11.2024,,5:03,,527 cm,"0,29 m. ü. NHN",,,
KLOSTER,,9670050,"0,00",,"-4,97 m. ü. NHN",23.11.2024,,5:03,,525 cm,"0,28 m. ü. NHN",,,
WITTOWER FÄHRE,,9670055,"0,00",,"-4,97 m. ü. NHN",23.11.2024,,5:03,,531 cm,"0,34 m. ü. NHN",,,
LAUTERBACH,,9670063,"0,00",,"-4,97 m. ü. NHN",23.11.2024,,5:03,,520 cm,"0,23 m. ü. NHN",,,
SASSNITZ,,9670065,"0,00",,"-4,97 m. ü. NHN",23.11.2024,,5:03,,528 cm,"0,31 m. ü. NHN",,,
THIESSOW,,9670067,"0,00",,"-4,97 m. ü. NHN",23.11.2024,,5:03,,525 cm,"0,28 m. ü. NHN",,,
RUDEN,,9690077,"0,00",,"-4,97 m. ü. NHN",23.11.2024,,5:03,,525 cm,"0,28 m. ü. NHN",,,
GREIFSWALD OIE,,9690078,"0,00",,"-4,97 m. ü. NHN",23.11.2024,,5:03,,528 cm,"0,31 m. ü. NHN",,,
KARLSHAGEN,,9690085,"0,00",,"-4,96 m. ü. NHN",23.11.2024,,5:03,,528 cm,"0,32 m. ü. NHN",,,
KOSEROW,,9690093,"0,00",,"-4,97 m. ü. NHN",23.11.2024,,5:03,,528 cm,"0,31 m. ü. NHN",,,
GREIFSWALD-WIECK,,9650073,"1,00",,"-4,97 m. ü. NHN",23.11.2024,,5:03,,519 cm,"0,22 m. ü. NHN",,,
FLENSBURG,,9610010,"4,00",,"-5,00 m. ü. NHN",23.11.2024,,5:03,,506 cm,"0,06 m. ü. NHN",,,
LANGBALLIGAU,,9610015,"35,00",,"-5,02 m. ü. NHN",23.11.2024,,5:03,,510 cm,"0,09 m. ü. NHN",,,
LT KALKGRUND,,9610020,"61,50",,"-4,98 m. ü. NHN",23.11.2024,,5:03,,511 cm,"0,12 m. ü. NHN",,,
SCHLEIMÜNDE SP,,9610025,"78,00",,"-5,00 m. ü. NHN",23.11.2024,,5:03,,510 cm,"0,10 m. ü. NHN",,,
TIMMENDORF POEL,,9630007,"100,00",,"-5,00 m. ü. NHN",23.11.2024,,5:03,,516 cm,"0,16 m. ü. NHN",,,
WISMAR-BAUMHAUS,,9630008,"100,00",,"-5,01 m. ü. NHN",23.11.2024,,5:03,,512 cm,"0,11 m. ü. NHN",,,
HEILIGENHAFEN,,9610070,"123,00",,"-5,00 m. ü. NHN",23.11.2024,,5:03,,511 cm,"0,11 m. ü. NHN",,,
KIEL-HOLTENAU,,9610066,"150,00",,"-5,00 m. ü. NHN",23.11.2024,,5:03,,507 cm,"0,07 m. ü. NHN",,,
LT KIEL,,9610050,"177,75",,"-4,99 m. ü. NHN",23.11.2024,,5:03,,512 cm,"0,13 m. ü. NHN",,,
NEUSTADT,,9610080,"263,00",,"-5,02 m. ü. NHN",23.11.2024,,5:03,,507 cm,"0,05 m. ü. NHN",,,
MARIENLEUCHTE,,9610075,"284,70",,"-5,00 m. ü. NHN",23.11.2024,,5:01,,512 cm,"0,12 m. ü. NHN",,,
KAPPELN,,9610035,"507,30",,"-4,99 m. ü. NHN",23.11.2024,,5:03,,504 cm,"0,05 m. ü. NHN",,,
SCHLESWIG,,9610040,"540,00",,"-5,02 m. ü. NHN",23.11.2024,,5:03,,502 cm,"0,00 m. ü. NHN",,,
ECKERNFÖRDE,,9610045,"612,00",,"-5,00 m. ü. NHN",23.11.2024,,5:03,,508 cm,"0,08 m. ü. NHN",,,
 PAREYER VERBINDUNGSKANAL,,,,,,,,,,,,,,
PAREY EP,,502300,"0,69",,"30,89 m. ü. NHN",23.11.2024,,5:00,,188 cm,"32,77 m. ü. NHN",,,
PAREY UP,,587530,"0,85",,"29,21 m. ü. NHN",23.11.2024,,5:00,,305 cm,"32,26 m. ü. NHN",,,
 PEENE,,,,,,,,,,,,,,
AALBUDE,,9660009,"14,90",,"-5,18 m. ü. NHN",23.11.2024,,5:04,,549 cm,"0,32 m. ü. NHN",,,
DEMMIN,,9660007,"31,80",,"-5,01 m. ü. NHN",23.11.2024,,5:03,,539 cm,"0,38 m. ü. NHN",,,
JARMEN,,9660005,"61,70",,"-5,01 m. ü. NHN",23.11.2024,,5:04,,535 cm,"0,34 m. ü. NHN",,,
ANKLAM,,9660001,"89,80",,"-5,02 m. ü. NHN",23.11.2024,,5:03,,537 cm,"0,36 m. ü. NHN",,,
 PINNAU,,,,,,,,,,,,,,
UETERSEN,,5970016,"9,51",,"-5,04 m. ü. NHN",23.11.2024,,5:03,,613 cm,"1,09 m. ü. NHN",,,
PINNAU-SPERRWERK BP,,5970018,"18,10",,"-5,03 m. ü. NHN",23.11.2024,,5:03,,624 cm,"1,21 m. ü. NHN",,,
 POTSDAMER HAVEL,,,,,,,,,,,,,,
POTSDAM,,580412,"26,63",,"28,43 m. ü. NHN",23.11.2024,,5:00,,93 cm,"29,36 m. ü. NHN",,,
 RHEIN,,,,,,,,,,,,,,
KONSTANZ-RHEIN,,3329,"0,47",,,23.11.2024,,5:00,,309 cm,,,,
BASEL-RHEINHALLE,,2310010,"164,30",,"240,00 mü.M.",23.11.2024,,4:50,,546 cm,"245,46 mü.M.",,,
RHEINWEILER,,23300130,"186,20",,"217,29 m. ü. NHN",23.11.2024,,5:00,,197 cm,"219,26 m. ü. NHN",,,
BREISACH,,23300320,"227,60",,"184,52 m. ü. NHN",23.11.2024,,5:00,,199 cm,"186,50 m. ü. NHN",,,
RUST,,23300580,"254,20",,"161,51 m. ü. NHN",23.11.2024,,5:00,,81 cm,"162,32 m. ü. NHN",,,
OTTENHEIM,,23300800,"270,60",,"147,32 m. ü. NHN",23.11.2024,,5:00,,300 cm,"150,32 m. ü. NHN",,,
KEHL-KRONENHOF,,23300900,"292,20",,"133,02 m. ü. NHN",23.11.2024,,5:00,,215 cm,"135,17 m. ü. NHN",,,
IFFEZHEIM,,23500600,"336,20",,"110,02 m. ü. NHN",23.11.2024,,5:00,,208 cm,"112,10 m. ü. NHN",,,
PLITTERSDORF,,23500700,"340,20",,"106,71 m. ü. NHN",23.11.2024,,5:00,,378 cm,"110,49 m. ü. NHN",,,
MAXAU,,23700200,"362,33",,"97,72 m. ü. NHN",23.11.2024,,5:00,,477 cm,"102,49 m. ü. NHN",,,
PHILIPPSBURG,,23700500,"389,33",,"90,56 m. ü. NHN",23.11.2024,,5:00,,380 cm,"94,36 m. ü. NHN",,,
SPEYER,,23700600,"400,60",,"88,47 m. ü. NHN",23.11.2024,,5:00,,346 cm,"91,93 m. ü. NHN",,,
MANNHEIM,,23700700,"424,73",,"85,12 m. ü. NHN",23.11.2024,,5:00,,278 cm,"87,90 m. ü. NHN",,,
WORMS,,23900200,"443,40",,"84,11 m. ü. NHN",23.11.2024,,5:00,,185 cm,"85,96 m. ü. NHN",,,
NIERSTEIN-OPPENHEIM,,23900600,"480,61",,"80,17 m. ü. NHN",23.11.2024,,5:00,,270 cm,"82,87 m. ü. NHN",,,
BODENHEIM,,23900620,"489,00",,"78,76 m. ü. NHN",23.11.2024,,4:45,,337 cm,"82,13 m. ü. NHN",,,
MAINZ,,25100100,"498,27",,"78,37 m. ü. NHN",23.11.2024,,5:00,,304 cm,"81,41 m. ü. NHN",,,
OESTRICH,,25100300,"518,08",,"77,56 m. ü. NHN",23.11.2024,,5:00,,199 cm,"79,55 m. ü. NHN",,,
BINGEN,,25300200,"528,36",,"76,18 m. ü. NHN",23.11.2024,,5:00,,213 cm,"78,31 m. ü. NHN",,,
KAUB,,25700100,"546,30",,"67,67 m. ü. NHN",23.11.2024,,5:00,,234 cm,"70,01 m. ü. NHN",,,
SANKT GOAR,,25700300,"556,43",,"63,75 m. ü. NHN",23.11.2024,,5:00,,346 cm,"67,21 m. ü. NHN",,,
BOPPARD,,25700500,"570,45",,"61,57 m. ü. NHN",23.11.2024,,5:00,,279 cm,"64,36 m. ü. NHN",,,
BRAUBACH,,25700600,"579,98",,"59,61 m. ü. NHN",23.11.2024,,5:00,,301 cm,"62,62 m. ü. NHN",,,
KOBLENZ,,25900700,"591,49",,"57,69 m. ü. NHN",23.11.2024,,5:00,,296 cm,"60,65 m. ü. NHN",,,
NEUWIED STADT,,27100370,"608,04",,"52,86 m. ü. NHN",23.11.2024,,5:00,,331 cm,"56,17 m. ü. NHN",,,
ANDERNACH,,27100400,"613,78",,"51,50 m. ü. NHN",23.11.2024,,5:00,,367 cm,"55,17 m. ü. NHN",,,
OBERWINTER,,27100700,"638,19",,"47,22 m. ü. NHN",23.11.2024,,5:00,,327 cm,"50,49 m. ü. NHN",,,
BONN,,2710080,"654,80",,"42,71 m. ü. NHN",23.11.2024,,5:00,,410 cm,"46,81 m. ü. NHN",,,
KÖLN,,2730010,"688,00",,"35,04 m. ü. NHN",23.11.2024,,5:00,,430 cm,"39,34 m. ü. NHN",,,
DÜSSELDORF,,2750010,"744,20",,"24,53 m. ü. NHN",23.11.2024,,5:00,,393 cm,"28,46 m. ü. NHN",,,
DUISBURG-RUHRORT,,2770010,"780,80",,"16,11 m. ü. NHN",23.11.2024,,5:00,,540 cm,"21,51 m. ü. NHN",,,
WESEL,,2770040,"814,00",,"11,21 m. ü. NHN",23.11.2024,,5:00,,504 cm,"16,25 m. ü. NHN",,,
REES,,2790010,"837,40",,"8,74 m. ü. NHN",23.11.2024,,4:45,,428 cm,"13,02 m. ü. NHN",,,
EMMERICH,,2790020,"851,90",,"8,00 m. ü. NHN",23.11.2024,,5:00,,360 cm,"11,60 m. ü. NHN",,,
 RHEIN-HERNE-KANAL,,,,,,,,,,,,,,
DUISBURG-MEIDERICH SCHLEUSE OW,,27700262,"0,87",,,23.11.2024,,4:02,,,"25,04 m+NN",,,
DUISBURG-MEIDERICH SCHLEUSE UW,,27700273,"1,10",,,23.11.2024,,4:02,,,"21,57 m+NN",,,
OBERHAUSEN SCHLEUSE UW,,27700251,"5,19",,,23.11.2024,,4:02,,,"24,97 m+NN",,,
OBERHAUSEN SCHLEUSE OW,,27700240,"5,73",,,23.11.2024,,4:02,,,"29,04 m+NN",,,
GELSENKIRCHEN SCHLEUSE UW,,27700230,"23,07",,,23.11.2024,,4:02,,,"29,12 m+NN",,,
GELSENKIRCHEN SCHLEUSE OW,,27700229,"23,57",,,23.11.2024,,4:45,,,"35,23 m+NN",,,
WANNE EICKEL SCHLEUSE UW,,27700218,"30,91",,,23.11.2024,,2:30,,,"35,27 m+NN",,,
WANNE EICKEL SCHLEUSE OW,,27700193,"31,47",,,23.11.2024,,4:45,,,"43,74 m+NN",,,
HERNE UW,,27700160,"36,83",,,23.11.2024,,3:02,,,"43,80 m+NN",,,
HERNE OW,,27700150,"37,35",,,23.11.2024,,3:02,,,"56,53 m+NN",,,
 RHEINSBERGER GEWÄSSER,,,,,,,,,,,,,,
WOLFSBRUCH OP,,589000,"2,28",,"54,08 m. ü. NHN",23.11.2024,,5:00,,231 cm,"56,39 m. ü. NHN",,,
WOLFSBRUCH UP,,589010,"2,47",,"54,08 m. ü. NHN",23.11.2024,,5:00,,Picture,"55,70 m. ü. NHN",,,
,,,,,,,,,,162 cm,,,,
 ROTHENSEER-VERBINDUNGSKANAL,,,,,,,,,,,,,,
SCHLEUSE ROTHENSEE UP,,3101016,"1,30",,"35,57 m. ü. NHN",23.11.2024,,5:00,,432 cm,"39,89 m. ü. NHN",,,
MAGDEBURG-RO NWS,,13101016,"4,15",,,23.11.2024,,5:00,,357 cm,,,,
 RUHR,,,,,,,,,,,,,,
RUHRWEHR OW,,27600090,"2,96",,,23.11.2024,,4:02,,,"25,00 m+NN",,,
SCHLOSSBRÜCKE MÜLHEIM,,27600030,"12,18",,,22.11.2024,,8:12,,,"32,04 m+NN",,,
HATTINGEN,,2.76951E+12,"56,90",,,23.11.2024,,4:00,,335 cm,,,,
 RÜDERSDORFER GEWÄSSER,,,,,,,,,,,,,,
WOLTERSDORF UP,,586050,"3,71",,"31,45 m. ü. NHN",23.11.2024,,5:00,,94 cm,"32,39 m. ü. NHN",,,
WOLTERSDORF OP,,586040,"3,89",,"31,45 m. ü. NHN",23.11.2024,,5:00,,304 cm,"34,49 m. ü. NHN",,,
 SAALE,,,,,,,,,,,,,,
GROSS ROSENBURG,,570950,"9,64",,"47,79 m. ü. NHN",23.11.2024,,5:00,,231 cm,"50,10 m. ü. NHN",,,
CALBE GRIZEHNE,,570940,"17,43",,"49,37 m. ü. NHN",23.11.2024,,5:00,,278 cm,"52,15 m. ü. NHN",,,
CALBE UP,,570930,"19,67",,"48,10 m. ü. NHN",23.11.2024,,5:00,,420 cm,"52,30 m. ü. NHN",,,
CALBE OP,,570920,"20,08",,"52,50 m. ü. NHN",23.11.2024,,5:00,,355 cm,"56,05 m. ü. NHN",,,
NIENBURG (SAALE),,579100,"27,90",,"54,68 m. ü. NHN",23.11.2024,,5:00,,147 cm,"56,15 m. ü. NHN",,,
BERNBURG UP,,570910,"36,05",,"55,12 m. ü. NHN",23.11.2024,,5:00,,148 cm,"56,60 m. ü. NHN",,,
BERNBURG OP,,570900,"36,20",,"55,12 m. ü. NHN",22.11.2024,,6:00,,488 cm,"60,01 m. ü. NHN",,,
ALSLEBEN UP,,570880,"50,24",,"59,04 m. ü. NHN",23.11.2024,,4:45,,157 cm,"60,61 m. ü. NHN",,,
ALSLEBEN OP,,570870,"50,42",,"61,93 m. ü. NHN",23.11.2024,,5:00,,243 cm,"64,36 m. ü. NHN",,,
ROTHENBURG UP,,570860,"58,60",,"61,04 m. ü. NHN",23.11.2024,,5:00,,359 cm,"64,63 m. ü. NHN",,,
ROTHENBURG OP,,570850,"58,78",,"64,14 m. ü. NHN",23.11.2024,,5:00,,334 cm,"67,48 m. ü. NHN",,,
WETTIN UP,,570840,"70,30",,"64,26 m. ü. NHN",23.11.2024,,5:00,,355 cm,"67,81 m. ü. NHN",,,
WETTIN OP,,570830,"70,47",,"67,14 m. ü. NHN",23.11.2024,,5:00,,370 cm,"70,84 m. ü. NHN",,,
TROTHA UP,,570810,"89,15",,"69,36 m. ü. NHN",23.11.2024,,5:00,,197 cm,"71,33 m. ü. NHN",,,
TROTHA OP,,570800,"89,22",,"71,25 m. ü. NHN",23.11.2024,,5:00,,251 cm,"73,76 m. ü. NHN",,,
RÖPZIG,,570710,"101,90",,"77,08 m. ü. NHN",23.11.2024,,5:00,,68 cm,"77,76 m. ü. NHN",,,
RISCHMÜHLE UP,,570630,"115,19",,"81,65 m. ü. NHN",23.11.2024,,5:00,,230 cm,"83,95 m. ü. NHN",,,
RISCHMÜHLE OP,,570620,"115,26",,"82,65 m. ü. NHN",23.11.2024,,5:00,,279 cm,"85,44 m. ü. NHN",,,
 SAAR,,,,,,,,,,,,,,
SCHODEN UP,,26400750,"7,66",,,23.11.2024,,5:00,,361 cm,,,,
SERRIG UP,,26400670,"18,22",,,23.11.2024,,5:00,,232 cm,,,,
METTLACH UP,,26400600,"30,92",,,23.11.2024,,5:00,,222 cm,,,,
FREMERSDORF,,26400550,"48,51",,"165,50 m. ü. NN",23.11.2024,,5:00,,232 cm,"167,82 m. ü. NN",,,
REHLINGEN UP,,26400500,"53,86",,,23.11.2024,,5:00,,250 cm,,,,
LISDORF UP,,26400400,"65,89",,,23.11.2024,,5:00,,215 cm,,,,
WESTSPANGE,,26400240,"86,52",,,23.11.2024,,5:00,,199 cm,,,,
SANKT ARNUAL,,26400220,"90,91",,"183,25 m. ü. NN",23.11.2024,,5:00,,207 cm,"185,32 m. ü. NN",,,
HANWEILER,,26400100,"104,60",,,23.11.2024,,5:00,,265 cm,,,,
 SCHWEDTER QUERFAHRT,,,,,,,,,,,,,,
SCHWEDT SCHLEUSE AP,,603110,"0,47",,"-5,01 m. ü. NHN",23.11.2024,,5:00,,566 cm,"0,65 m. ü. NHN",,,
 SPREE-ODER-WASSERSTRASSE,,,,,,,,,,,,,,
BERLIN-CHARLOTTENBURG UP,,582750,"6,24",,"27,99 m. ü. NHN",23.11.2024,,5:00,,139 cm,"29,38 m. ü. NHN",,,
BERLIN-CHARLOTTENBURG OP,,582740,"6,44",,"27,99 m. ü. NHN",23.11.2024,,5:00,,277 cm,"30,76 m. ü. NHN",,,
BERLIN-MÜHLENDAMM UP,,582730,"17,70",,"28,00 m. ü. NHN",23.11.2024,,5:00,,273 cm,"30,73 m. ü. NHN",,,
BERLIN-MÜHLENDAMM OP,,582720,"17,90",,"28,00 m. ü. NHN",23.11.2024,,5:00,,432 cm,"32,32 m. ü. NHN",,,
BERLIN-KÖPENICK,,586290,"35,02",,"31,49 m. ü. NHN",23.11.2024,,5:00,,88 cm,"32,37 m. ü. NHN",,,
WERNSDORF UP,,585930,"47,46",,"30,28 m. ü. NHN",23.11.2024,,5:00,,210 cm,"32,38 m. ü. NHN",,,
WERNSDORF OP,,585920,"47,74",,"30,28 m. ü. NHN",23.11.2024,,5:00,,663 cm,"36,91 m. ü. NHN",,,
FÜRSTENWALDE UP,,582650,"74,70",,"36,38 m. ü. NHN",23.11.2024,,5:00,,56 cm,"36,94 m. ü. NHN",,,
FÜRSTENWALDE OP,,582640,"74,80",,"36,38 m. ü. NHN",23.11.2024,,5:00,,163 cm,"38,01 m. ü. NHN",,,
KERSDORF UP,,585950,"89,66",,"35,83 m. ü. NHN",23.11.2024,,5:00,,225 cm,"38,08 m. ü. NHN",,,
KERSDORF OP,,585940,"89,86",,"38,83 m. ü. NHN",23.11.2024,,5:00,,213 cm,"40,96 m. ü. NHN",,,
EISENHÜTTENSTADT SCHL. OP,,690050,"127,20",,"38,82 m. ü. NHN",23.11.2024,,4:45,,215 cm,"40,97 m. ü. NHN",,,
EISENHÜTTENSTADT SCHL. UP,,603020,"127,50",,"25,32 m. ü. NHN",23.11.2024,,4:45,,261 cm,"27,93 m. ü. NHN",,,
 STORKOWER GEWAESSER,,,,,,,,,,,,,,
KUMMERSDORF UP,,586360,"10,21",,"32,25 m. ü. NHN",23.11.2024,,5:00,,150 cm,"33,75 m. ü. NHN",,,
KUMMERSDORF OP,,586350,"10,40",,"32,25 m. ü. NHN",23.11.2024,,5:00,,261 cm,"34,86 m. ü. NHN",,,
STORKOW UP,,586340,"15,39",,"32,28 m. ü. NHN",23.11.2024,,5:00,,259 cm,"34,87 m. ü. NHN",,,
STORKOW OP,,586330,"15,56",,"32,29 m. ü. NHN",23.11.2024,,5:00,,460 cm,"36,89 m. ü. NHN",,,
WENDISCH RIETZ UP,,586320,"22,71",,"32,29 m. ü. NHN",23.11.2024,,5:00,,458 cm,"36,87 m. ü. NHN",,,
WENDISCH RIETZ OP,,586310,"22,77",,"32,29 m. ü. NHN",23.11.2024,,5:00,,612 cm,"38,41 m. ü. NHN",,,
 STÖR,,,,,,,,,,,,,,
GRÖNHUDE,,5970037,"5,10",,"-5,01 m. ü. NHN",23.11.2024,,5:03,,615 cm,"1,14 m. ü. NHN",,,
BREITENBERG,,5970038,"11,90",,"-5,01 m. ü. NHN",23.11.2024,,5:03,,574 cm,"0,73 m. ü. NHN",,,
ITZEHOE HAFEN,,5970042,"24,88",,"-5,01 m. ü. NHN",23.11.2024,,5:03,,597 cm,"0,96 m. ü. NHN",,,
STÖR-SPERRWERK BP,,5970040,"50,20",,"-5,03 m. ü. NHN",23.11.2024,,5:03,,657 cm,"1,54 m. ü. NHN",,,
 STÖR-WASSERSTRASSE,,,,,,,,,,,,,,
BANZKOW UP,,596930,"10,85",,"35,79 m. ü. NHN",23.11.2024,,5:00,,100 cm,"36,79 m. ü. NHN",,,
BANZKOW OP,,596920,"11,00",,"36,69 m. ü. NHN",23.11.2024,,5:00,,99 cm,"37,68 m. ü. NHN",,,
SCHWERIN WERDERBRÜCKE,,596900,"26,06",,"36,69 m. ü. NHN",23.11.2024,,4:45,,103 cm,"37,72 m. ü. NHN",,,
 TELTOWKANAL,,,,,,,,,,,,,,
KLEINMACHNOW UP,,587030,"8,28",,"26,95 m. ü. NHN",23.11.2024,,5:00,,241 cm,"29,36 m. ü. NHN",,,
KLEINMACHNOW OP,,587020,"8,42",,"30,25 m. ü. NHN",23.11.2024,,5:00,,208 cm,"32,33 m. ü. NHN",,,
 TEMPLINER GEWÄSSER,,,,,,,,,,,,,,
KANNENBURG UP,,581230,"3,57",,"45,12 m. ü. NHN",23.11.2024,,5:00,,60 cm,"45,72 m. ü. NHN",,,
KANNENBURG OP,,581220,"3,63",,"45,12 m. ü. NHN",23.11.2024,,5:00,,220 cm,"47,32 m. ü. NHN",,,
TEMPLIN UP,,581210,"13,29",,"46,84 m. ü. NHN",23.11.2024,,5:00,,51 cm,"47,35 m. ü. NHN",,,
TEMPLIN OP,,581200,"13,34",,"46,84 m. ü. NHN",23.11.2024,,5:00,,479 cm,"51,63 m. ü. NHN",,,
 TRAVE,,,,,,,,,,,,,,
LÜBECK-BAUHOF,,9620090,"7,79",,"-5,02 m. ü. NHN",23.11.2024,,5:03,,499 cm,"-0,03 m. ü. NHN",,,
TRAVEMÜNDE,,9620085,"26,20",,"-5,02 m. ü. NHN",23.11.2024,,5:03,,511 cm,"0,08 m. ü. NHN",,,
 TREENE,,,,,,,,,,,,,,
FRIEDRICHSTADT TREENE,,9520061,"0,00",,"-5,00 m. ü. NHN",23.11.2024,,5:03,,499 cm,"-0,01 m. ü. NHN",,,
 UNTERE HAVEL-WASSERSTRASSE,,,,,,,,,,,,,,
KETZIN,,580430,"34,05",,"28,39 m. ü. NHN",23.11.2024,,5:00,,92 cm,"29,31 m. ü. NHN",,,
BRANDENBURG OP,,580440,"55,12",,"27,11 m. ü. NHN",23.11.2024,,5:00,,213 cm,"29,24 m. ü. NHN",,,
BRANDENBURG UP,,580450,"56,00",,"27,11 m. ü. NHN",23.11.2024,,5:00,,105 cm,"28,16 m. ü. NHN",,,
PLAUE OP,,587560,"67,80",,"29,98 m. ü. NHN",23.11.2024,,5:00,,76 cm,"30,74 m. ü. NHN",,,
PLAUE UP,,580600,"68,00",,"26,36 m. ü. NHN",23.11.2024,,5:00,,181 cm,"28,17 m. ü. NHN",,,
TIECKOW,,580601,"76,33",,"25,93 m. ü. NHN",23.11.2024,,5:00,,218 cm,"28,11 m. ü. NHN",,,
BAHNITZ OP,,580620,"81,79",,"25,94 m. ü. NHN",23.11.2024,,5:00,,217 cm,"28,11 m. ü. NHN",,,
BAHNITZ UP,,580630,"82,11",,"25,94 m. ü. NHN",23.11.2024,,5:00,,151 cm,"27,45 m. ü. NHN",,,
RATHENOW OP,,580640,"102,86",,"24,52 m. ü. NHN",23.11.2024,,5:00,,279 cm,"27,30 m. ü. NHN",,,
RATHENOW UP,,580650,"103,94",,"24,51 m. ü. NHN",23.11.2024,,5:00,,100 cm,"25,51 m. ü. NHN",,,
ALBERTSHEIM,,580520,"109,83",,"24,50 m. ü. NHN",23.11.2024,,5:00,,90 cm,"25,40 m. ü. NHN",,,
GRÜTZ OP,,580700,"116,77",,"23,81 m. ü. NHN",23.11.2024,,5:00,,151 cm,"25,32 m. ü. NHN",,,
GRÜTZ UP,,580710,"117,24",,"23,81 m. ü. NHN",23.11.2024,,5:00,,76 cm,"24,57 m. ü. NHN",,,
WARNAU POLDER,,588321,"127,50",,"22,16 m. ü. NHN",23.11.2024,,4:00,,175 cm,"23,91 m. ü. NHN",,,
GÜLPE OP,,580747,"127,64",,"22,16 m. ü. NHN",23.11.2024,,5:00,,212 cm,"24,29 m. ü. NHN",,,
GARZ OP,,580750,"128,84",,"22,16 m. ü. NHN",23.11.2024,,5:00,,228 cm,"24,44 m. ü. NHN",,,
GARZ UP,,580760,"129,18",,"22,16 m. ü. NHN",23.11.2024,,5:00,,166 cm,"23,82 m. ü. NHN",,,
TRÜBENGRABEN POLDER,,580795,"141,00",,"21,56 m. ü. NHN",23.11.2024,,5:00,,220 cm,"23,76 m. ü. NHN",,,
HAVELBERG STADT,,580790,"145,26",,"21,56 m. ü. NHN",23.11.2024,,4:45,,217 cm,"23,73 m. ü. NHN",,,
HAVELBERG UP,,580800,"146,89",,"21,56 m. ü. NHN",23.11.2024,,5:00,,215 cm,"23,71 m. ü. NHN",,,
HAVELBERG EP,,502475,"147,31",,"21,56 m. ü. NHN",23.11.2024,,5:00,,235 cm,"23,91 m. ü. NHN",,,
QUITZÖBEL OP,,580820,"156,10",,"19,56 m. ü. NHN",23.11.2024,,5:00,,414 cm,"23,70 m. ü. NHN",,,
QUITZÖBEL UP,,580830,"156,19",,"19,56 m. ü. NHN",23.11.2024,,5:00,,192 cm,"21,48 m. ü. NHN",,,
NEUWERBEN EP,,502470,"156,21",,"20,39 m. ü. NHN",23.11.2024,,5:00,,262 cm,"23,01 m. ü. NHN",,,
GNEVSDORF OP,,580840,"165,45",,"19,13 m. ü. NHN",23.11.2024,,5:00,,213 cm,"21,26 m. ü. NHN",,,
GNEVSDORF EP,,503010,"165,48",,"19,13 m. ü. NHN",23.11.2024,,5:00,,211 cm,"21,24 m. ü. NHN",,,
 VERBINDUNGSKANAL HOHENSAATEN,,,,,,,,,,,,,,
HOHENSAATEN OST AP,,603090,"92,90",,"-0,84 m. ü. NHN",23.11.2024,,5:00,,350 cm,"2,66 m. ü. NHN",,,
 WARNOW,,,,,,,,,,,,,,
ROSTOCK MÜHLENDAMM OW,,9640002,"141,50",,"-4,98 m. ü. NHN",23.11.2024,,5:03,,532 cm,"0,34 m. ü. NHN",,,
ROSTOCK MÜHLENDAMM UW,,9640018,"141,60",,"-4,98 m. ü. NHN",23.11.2024,,5:03,,522 cm,"0,24 m. ü. NHN",,,
 WENTOW-GEWÄSSER,,,,,,,,,,,,,,
MARIENTHAL UP,,581400,"0,09",,"44,88 m. ü. NHN",23.11.2024,,5:00,,86 cm,"45,74 m. ü. NHN",,,
MARIENTHAL OP,,581390,"0,14",,"44,88 m. ü. NHN",23.11.2024,,5:00,,280 cm,"47,68 m. ü. NHN",,,
 WERBELLINER GEWÄSSER,,,,,,,,,,,,,,
EICHHORST OP,,693320,"8,70",,"39,54 m. ü. NHN",23.11.2024,,5:00,,391 cm,"43,45 m. ü. NHN",,,
EICHHORST UP,,693330,"8,70",,"39,54 m. ü. NHN",23.11.2024,,5:00,,Picture,"40,07 m. ü. NHN",,,
,,,,,,,,,,53 cm,,,,
 WERRA,,,,,,,,,,,,,,
LETZTER HELLER,,41900206,"2,32",,"117,40 m. ü. NN",23.11.2024,,5:00,,235 cm,"119,75 m. ü. NN",,,
ALLENDORF,,41900104,"40,79",,"143,52 m. ü. NN",23.11.2024,,5:00,,141 cm,"144,93 m. ü. NN",,,
HELDRA,,41700105,"77,32",,"168,02 m. ü. NN",23.11.2024,,5:00,,200 cm,"170,02 m. ü. NN",,,
 WESEL-DATTELN-KANAL,,,,,,,,,,,,,,
FRIEDRICHSFELD SCHLEUSE UW,,27800234,"1,63",,,23.11.2024,,4:02,,,"16,12 m+NN",,,
FRIEDRICHSFELD SCHLEUSE OW,,27800223,"2,29",,,23.11.2024,,4:02,,,"23,00 m+NN",,,
HÜNXE SCHLEUSE UW,,27800212,"12,88",,,23.11.2024,,4:02,,,"23,10 m+NN",,,
HÜNXE SCHLEUSE OW,,27800198,"13,66",,,23.11.2024,,4:02,,,"28,47 m+NN",,,
DORSTEN SCHLEUSE UW,,27800187,"30,02",,,23.11.2024,,4:02,,,"28,44 m+NN",,,
DORSTEN SCHLEUSE OW,,27800176,"30,86",,,23.11.2024,,4:02,,,"37,58 m+NN",,,
FLAESHEIM SCHLEUSE UW,,27800165,"48,99",,,23.11.2024,,4:00,,,"37,52 m+NN",,,
FLAESHEIM SCHLEUSE OW,,27800154,"49,73",,,23.11.2024,,4:00,,,"41,47 m+NN",,,
AHSEN SCHLEUSE UW,,27800143,"55,92",,,23.11.2024,,3:02,,,"41,49 m+NN",,,
AHSEN SCHLEUSE OW,,27800132,"56,28",,,23.11.2024,,3:02,,,"48,92 m+NN",,,
DATTELN SCHLEUSE UW,,27800121,"58,89",,,23.11.2024,,4:02,,,"48,94 m+NN",,,
DATTELN SCHLEUSE OW,,27800110,"60,11",,,23.11.2024,,4:02,,,"56,00 m+NN",,,
 WESER,,,,,,,,,,,,,,
GROSSE WESERBRÜCKE,,4910050,"0,04",,"-5,02 m. ü. NHN",23.11.2024,,5:03,,725 cm,"2,23 m. ü. NHN",,,
HANN.MUENDEN,,43100109,"0,65",,"114,95 m. ü. NN",23.11.2024,,5:00,,199 cm,"116,94 m. ü. NN",,,
OSLEBSHAUSEN,,4910060,"8,37",,"-5,03 m. ü. NHN",23.11.2024,,5:03,,724 cm,"2,21 m. ü. NHN",,,
VEGESACK,,4950010,"17,84",,"-5,01 m. ü. NHN",23.11.2024,,5:03,,719 cm,"2,18 m. ü. NHN",,,
FARGE,,4950020,"26,26",,"-5,02 m. ü. NHN",23.11.2024,,5:03,,725 cm,"2,23 m. ü. NHN",,,
ELSFLETH,,4970010,"33,33",,"-5,08 m. ü. NHN",23.11.2024,,5:03,,737 cm,"2,29 m. ü. NHN",,,
WAHMBECK,,43900105,"35,97",,"98,00 m. ü. NN",23.11.2024,,5:00,,236 cm,"100,36 m. ü. NN",,,
BRAKE,,4970020,"39,20",,"-5,01 m. ü. NHN",23.11.2024,,5:03,,743 cm,"2,42 m. ü. NHN",,,
KARLSHAFEN,,45100100,"45,52",,"94,05 m. ü. NN",23.11.2024,,5:00,,216 cm,"96,20 m. ü. NN",,,
RECHTENFLETH,,4970030,"46,46",,"-5,00 m. ü. NHN",23.11.2024,,5:03,,743 cm,"2,43 m. ü. NHN",,,
NORDENHAM,,4970040,"55,81",,"-5,00 m. ü. NHN",23.11.2024,,5:03,,739 cm,"2,39 m. ü. NHN",,,
BHV ALTER LEUCHTTURM,,4990010,"66,64",,"-5,00 m. ü. NHN",23.11.2024,,5:03,,731 cm,"2,31 m. ü. NHN",,,
HÖXTER,,45300109,"69,62",,"84,85 m. ü. NN",23.11.2024,,5:00,,234 cm,"87,19 m. ü. NN",,,
ROBBENSÜDSTEERT,,9460010,"79,94",,"-5,00 m. ü. NHN",23.11.2024,,5:03,,713 cm,"2,13 m. ü. NHN",,,
DWARSGAT,,9460020,"92,66",,"-4,98 m. ü. NHN",23.11.2024,,4:59,,697 cm,"1,99 m. ü. NHN",,,
BODENWERDER,,45300200,"110,72",,"69,39 m. ü. NN",23.11.2024,,4:00,,262 cm,"72,01 m. ü. NN",,,
LEUCHTTURM ALTE WESER,,9460040,"115,00",,"-4,98 m. ü. NHN",23.11.2024,,5:03,,667 cm,"1,69 m. ü. NHN",,,
HAMELN WEHRBERGEN,,45700207,"139,68",,"57,85 m. ü. NN",23.11.2024,,4:45,,260 cm,"60,45 m. ü. NN",,,
RINTELN,,45900109,"163,20",,"49,62 m. ü. NN",23.11.2024,,5:00,,296 cm,"52,58 m. ü. NN",,,
VLOTHO,,45900208,"184,00",,"41,66 m. ü. NN",23.11.2024,,5:00,,299 cm,"44,65 m. ü. NN",,,
PORTA,,47100100,"198,40",,"37,04 m. ü. NN",23.11.2024,,5:00,,283 cm,"39,87 m. ü. NN",,,
PETERSHAGEN,,47300100,"215,77",,"29,99 m. ü. NN",23.11.2024,,5:00,,448 cm,"34,47 m. ü. NN",,,
STOLZENAU,,47500110,"243,39",,,23.11.2024,,2:15,,360 cm,,,,
LIEBENAU,,47500200,"256,15",,"19,99 m. ü. NN",23.11.2024,,2:15,,242 cm,"22,41 m. ü. NN",,,
NIENBURG,,47900118,"268,18",,"17,37 m. ü. NN",23.11.2024,,5:00,,425 cm,"21,62 m. ü. NN",,,
DRAKENBURG,,47900107,"278,88",,"14,00 m. ü. NN",22.11.2024,,10:15,,385 cm,"17,85 m. ü. NN",,,
HOYA,,47900129,"298,40",,,23.11.2024,,5:00,,390 cm,,,,
DÖRVERDEN,,47900209,"308,95",,"7,99 m. ü. NN",23.11.2024,,5:00,,356 cm,"11,55 m. ü. NN",,,
INTSCHEDE,,49100101,"331,28",,"4,80 m. ü. NN",23.11.2024,,5:00,,260 cm,"7,39 m. ü. NN",,,
DREYE,,4910020,"355,80",,"1,98 m. ü. NHN",23.11.2024,,5:03,,278 cm,"4,76 m. ü. NHN",,,
WESERWEHR OW,,4910030,"361,80",,"-0,02 m. ü. NHN",23.11.2024,,5:03,,462 cm,"4,60 m. ü. NHN",,,
WESERWEHR UW,,4910040,"362,79",,"-5,03 m. ü. NHN",23.11.2024,,5:03,,730 cm,"2,27 m. ü. NHN",,,
 WESTODER,,,,,,,,,,,,,,
GARTZ,,603510,"8,04",,"-5,00 m. ü. NHN",23.11.2024,,5:00,,552 cm,"0,52 m. ü. NHN",,,
MESCHERIN,,603520,"14,10",,"-5,00 m. ü. NHN",23.11.2024,,5:00,,551 cm,"0,51 m. ü. NHN",,,
 WÜMME,,,,,,,,,,,,,,
BORGFELD,,4940010,"0,27",,"-5,02 m. ü. NHN",23.11.2024,,5:03,,633 cm,"1,31 m. ü. NHN",,,
NIEDERBLOCKLAND,,4940020,"7,99",,"-5,02 m. ü. NHN",23.11.2024,,5:03,,625 cm,"1,23 m. ü. NHN",,,
